system,question_id,answer_len_words,rouge_l_precision,rouge_l_recall,rouge_l_f,bertscore_proxy_precision,bertscore_proxy_recall,bertscore_proxy_f,pipeline_reported_rouge_l,pipeline_reported_bertscore
bm25,auto_048,28,0.21428571428571427,0.13953488372093023,0.16901408450704225,0.2857142857142857,0.18604651162790697,0.22535211267605632,0.16901408450704225,0.22535211267605632
bm25,auto_079,24,0.32,0.47058823529411764,0.38095238095238104,0.36,0.5294117647058824,0.42857142857142855,0.38095238095238104,0.42857142857142855
bm25,auto_006,39,0.46511627906976744,0.11834319526627218,0.18867924528301888,0.5813953488372093,0.14792899408284024,0.2358490566037736,0.18867924528301888,0.2358490566037736
bm25,auto_014,50,0.1702127659574468,0.5,0.25396825396825395,0.1702127659574468,0.5,0.25396825396825395,0.25396825396825395,0.25396825396825395
bm25,auto_038,98,0.15463917525773196,0.26785714285714285,0.19607843137254902,0.2268041237113402,0.39285714285714285,0.2875816993464052,0.19607843137254902,0.2875816993464052
bm25,auto_160,88,0.12790697674418605,0.4230769230769231,0.1964285714285714,0.18604651162790697,0.6153846153846154,0.2857142857142857,0.1964285714285714,0.2857142857142857
bm25,auto_191,10,1.0,1.0,1.0,1.0,1.0,1.0,1.0,1.0
bm25,auto_131,13,0.15384615384615385,0.4,0.2222222222222222,0.3076923076923077,0.8,0.4444444444444444,0.2222222222222222,0.4444444444444444
bm25,auto_070,37,0.32432432432432434,0.3076923076923077,0.3157894736842105,0.4864864864864865,0.46153846153846156,0.47368421052631576,0.3157894736842105,0.47368421052631576
bm25,auto_165,4,1.0,0.4166666666666667,0.5882352941176471,1.0,0.4166666666666667,0.5882352941176471,0.5882352941176471,0.5882352941176471
bm25,auto_111,50,0.26,0.5,0.34210526315789475,0.44,0.8461538461538461,0.5789473684210525,0.34210526315789475,0.5789473684210525
bm25,auto_086,12,0.6153846153846154,0.8888888888888888,0.7272727272727274,0.6153846153846154,0.8888888888888888,0.7272727272727274,0.7272727272727274,0.7272727272727274
bm25,auto_053,26,0.4642857142857143,1.0,0.6341463414634146,0.4642857142857143,1.0,0.6341463414634146,0.6341463414634146,0.6341463414634146
bm25,auto_198,48,0.6666666666666666,0.32,0.43243243243243246,0.6875,0.33,0.44594594594594594,0.43243243243243246,0.44594594594594594
bm25,auto_046,34,0.1388888888888889,0.11627906976744186,0.12658227848101267,0.25,0.20930232558139536,0.22784810126582278,0.12658227848101267,0.22784810126582278
bm25,auto_107,3,1.0,0.3,0.4615384615384615,1.0,0.3,0.4615384615384615,0.4615384615384615,0.4615384615384615
bm25,auto_194,57,0.24561403508771928,0.6086956521739131,0.35,0.40350877192982454,1.0,0.575,0.35,0.575
bm25,auto_031,29,0.16666666666666666,0.20833333333333334,0.1851851851851852,0.23333333333333334,0.2916666666666667,0.2592592592592593,0.1851851851851852,0.2592592592592593
bm25,auto_166,3,1.0,0.2,0.33333333333333337,1.0,0.2,0.33333333333333337,0.33333333333333337,0.33333333333333337
bm25,auto_003,53,0.9464285714285714,0.9814814814814815,0.9636363636363636,0.9464285714285714,0.9814814814814815,0.9636363636363636,0.9636363636363636,0.9636363636363636
bm25,auto_126,67,0.23076923076923078,0.8333333333333334,0.3614457831325301,0.26153846153846155,0.9444444444444444,0.4096385542168675,0.3614457831325301,0.4096385542168675
bm25,auto_197,26,0.9615384615384616,0.9615384615384616,0.9615384615384616,0.9615384615384616,0.9615384615384616,0.9615384615384616,0.9615384615384616,0.9615384615384616
bm25,auto_148,10,0.7,1.0,0.8235294117647058,0.7,1.0,0.8235294117647058,0.8235294117647058,0.8235294117647058
bm25,auto_081,31,0.0967741935483871,0.12,0.10714285714285714,0.22580645161290322,0.28,0.25,0.10714285714285714,0.25
bm25,auto_037,48,0.20408163265306123,0.23809523809523808,0.21978021978021978,0.32653061224489793,0.38095238095238093,0.3516483516483516,0.21978021978021978,0.3516483516483516
bm25,auto_139,3,1.0,0.375,0.5454545454545454,1.0,0.375,0.5454545454545454,0.5454545454545454,0.5454545454545454
bm25,auto_163,23,0.5217391304347826,0.6666666666666666,0.5853658536585366,0.5652173913043478,0.7222222222222222,0.6341463414634146,0.5853658536585366,0.6341463414634146
bm25,auto_077,62,0.15384615384615385,0.5263157894736842,0.2380952380952381,0.2,0.6842105263157895,0.30952380952380953,0.2380952380952381,0.30952380952380953
bm25,auto_004,37,0.9743589743589743,0.95,0.9620253164556962,0.9743589743589743,0.95,0.9620253164556962,0.9620253164556962,0.9620253164556962
bm25,auto_039,120,0.0743801652892562,0.375,0.12413793103448277,0.09090909090909091,0.4583333333333333,0.15172413793103448,0.12413793103448277,0.15172413793103448
bm25,auto_016,13,0.23076923076923078,0.12,0.15789473684210525,0.23076923076923078,0.12,0.15789473684210525,0.15789473684210525,0.15789473684210525
bm25,auto_200,29,0.25806451612903225,0.1,0.14414414414414414,0.25806451612903225,0.1,0.14414414414414414,0.14414414414414414,0.14414414414414414
bm25,auto_062,6,1.0,0.5833333333333334,0.7368421052631579,1.0,0.5833333333333334,0.7368421052631579,0.7368421052631579,0.7368421052631579
bm25,auto_085,9,0.6666666666666666,0.6666666666666666,0.6666666666666666,0.6666666666666666,0.6666666666666666,0.6666666666666666,0.6666666666666666,0.6666666666666666
bm25,auto_112,68,0.2972972972972973,0.6666666666666666,0.4112149532710281,0.33783783783783783,0.7575757575757576,0.46728971962616817,0.4112149532710281,0.46728971962616817
bm25,auto_162,9,1.0,1.0,1.0,1.0,1.0,1.0,1.0,1.0
bm25,auto_010,32,0.14705882352941177,0.04201680672268908,0.06535947712418301,0.2647058823529412,0.07563025210084033,0.1176470588235294,0.06535947712418301,0.1176470588235294
bm25,auto_013,13,0.35714285714285715,0.4166666666666667,0.3846153846153846,0.35714285714285715,0.4166666666666667,0.3846153846153846,0.3846153846153846,0.3846153846153846
bm25,auto_043,8,0.6666666666666666,0.2857142857142857,0.4,0.6666666666666666,0.2857142857142857,0.4,0.4,0.4
bm25,auto_204,97,0.3523809523809524,0.23870967741935484,0.2846153846153846,0.3904761904761905,0.2645161290322581,0.3153846153846154,0.2846153846153846,0.3153846153846154
bm25,auto_153,33,0.48484848484848486,0.5161290322580645,0.5,0.7878787878787878,0.8387096774193549,0.8125,0.5,0.8125
bm25,auto_074,9,0.8888888888888888,0.7272727272727273,0.7999999999999999,0.8888888888888888,0.7272727272727273,0.7999999999999999,0.7999999999999999,0.7999999999999999
bm25,auto_045,4,0.8571428571428571,0.42857142857142855,0.5714285714285714,0.8571428571428571,0.42857142857142855,0.5714285714285714,0.5714285714285714,0.5714285714285714
bm25,auto_120,22,0.13043478260869565,0.2727272727272727,0.1764705882352941,0.21739130434782608,0.45454545454545453,0.29411764705882354,0.1764705882352941,0.29411764705882354
bm25,auto_065,18,0.7222222222222222,0.8125,0.7647058823529411,0.7222222222222222,0.8125,0.7647058823529411,0.7647058823529411,0.7647058823529411
bm25,auto_017,33,0.2222222222222222,0.36363636363636365,0.27586206896551724,0.25,0.4090909090909091,0.31034482758620685,0.27586206896551724,0.31034482758620685
bm25,auto_001,20,0.9047619047619048,0.2111111111111111,0.34234234234234234,0.9523809523809523,0.2222222222222222,0.3603603603603604,0.34234234234234234,0.3603603603603604
bm25,auto_169,12,0.15384615384615385,0.25,0.1904761904761905,0.15384615384615385,0.25,0.1904761904761905,0.1904761904761905,0.1904761904761905
bm25,auto_011,71,0.04054054054054054,0.2,0.06741573033707865,0.06756756756756757,0.3333333333333333,0.11235955056179775,0.06741573033707865,0.11235955056179775
bm25,auto_173,3,1.0,0.3333333333333333,0.5,1.0,0.3333333333333333,0.5,0.5,0.5
bm25,auto_132,6,1.0,0.35294117647058826,0.5217391304347826,1.0,0.35294117647058826,0.5217391304347826,0.5217391304347826,0.5217391304347826
bm25,auto_061,59,0.1774193548387097,1.0,0.3013698630136986,0.1774193548387097,1.0,0.3013698630136986,0.3013698630136986,0.3013698630136986
bm25,auto_022,12,0.9333333333333333,1.0,0.9655172413793104,0.9333333333333333,1.0,0.9655172413793104,0.9655172413793104,0.9655172413793104
bm25,auto_114,50,0.32,0.3333333333333333,0.32653061224489793,0.44,0.4583333333333333,0.4489795918367347,0.32653061224489793,0.4489795918367347
bm25,auto_156,80,0.20512820512820512,0.48484848484848486,0.2882882882882883,0.3076923076923077,0.7272727272727273,0.43243243243243246,0.2882882882882883,0.43243243243243246
bm25,auto_078,27,0.35714285714285715,0.5263157894736842,0.425531914893617,0.5357142857142857,0.7894736842105263,0.6382978723404255,0.425531914893617,0.6382978723404255
bm25,auto_067,30,0.5483870967741935,0.4857142857142857,0.5151515151515151,0.6451612903225806,0.5714285714285714,0.606060606060606,0.5151515151515151,0.606060606060606
bm25,auto_103,108,0.1308411214953271,0.358974358974359,0.1917808219178082,0.21495327102803738,0.5897435897435898,0.3150684931506849,0.1917808219178082,0.3150684931506849
bm25,auto_175,3,1.0,0.42857142857142855,0.6,1.0,0.42857142857142855,0.6,0.6,0.6
bm25,auto_199,26,1.0,0.3561643835616438,0.5252525252525252,1.0,0.3561643835616438,0.5252525252525252,0.5252525252525252,0.5252525252525252
bm25,auto_110,11,1.0,0.4482758620689655,0.6190476190476191,1.0,0.4482758620689655,0.6190476190476191,0.6190476190476191,0.6190476190476191
bm25,auto_080,19,0.7619047619047619,0.9411764705882353,0.8421052631578947,0.7619047619047619,0.9411764705882353,0.8421052631578947,0.8421052631578947,0.8421052631578947
bm25,auto_128,11,0.5,0.6,0.5454545454545454,0.75,0.9,0.8181818181818182,0.5454545454545454,0.8181818181818182
bm25,auto_171,35,0.23684210526315788,0.5294117647058824,0.3272727272727273,0.3684210526315789,0.8235294117647058,0.509090909090909,0.3272727272727273,0.509090909090909
bm25,auto_033,16,0.4666666666666667,0.25925925925925924,0.33333333333333337,0.8,0.4444444444444444,0.5714285714285714,0.33333333333333337,0.5714285714285714
bm25,auto_123,7,0.875,0.7777777777777778,0.823529411764706,0.875,0.7777777777777778,0.823529411764706,0.823529411764706,0.823529411764706
bm25,auto_122,36,0.37142857142857144,0.6190476190476191,0.4642857142857143,0.42857142857142855,0.7142857142857143,0.5357142857142858,0.4642857142857143,0.5357142857142858
bm25,auto_146,41,0.34146341463414637,0.5833333333333334,0.43076923076923085,0.36585365853658536,0.625,0.4615384615384615,0.43076923076923085,0.4615384615384615
bm25,auto_102,4,0.6,0.10344827586206896,0.17647058823529413,0.6,0.10344827586206896,0.17647058823529413,0.17647058823529413,0.17647058823529413
bm25,auto_147,10,1.0,1.0,1.0,1.0,1.0,1.0,1.0,1.0
bm25,auto_124,4,1.0,0.4444444444444444,0.6153846153846153,1.0,0.4444444444444444,0.6153846153846153,0.6153846153846153,0.6153846153846153
bm25,auto_020,55,0.4,0.9230769230769231,0.5581395348837209,0.4,0.9230769230769231,0.5581395348837209,0.5581395348837209,0.5581395348837209
bm25,auto_015,13,1.0,1.0,1.0,1.0,1.0,1.0,1.0,1.0
bm25,auto_181,45,0.43478260869565216,0.6896551724137931,0.5333333333333333,0.5,0.7931034482758621,0.6133333333333334,0.5333333333333333,0.6133333333333334
bm25,auto_180,22,0.4090909090909091,0.391304347826087,0.4,0.6363636363636364,0.6086956521739131,0.6222222222222223,0.4,0.6222222222222223
bm25,auto_133,21,0.5909090909090909,0.7647058823529411,0.6666666666666667,0.6818181818181818,0.8823529411764706,0.7692307692307693,0.6666666666666667,0.7692307692307693
bm25,auto_066,3,1.0,0.1111111111111111,0.19999999999999998,1.0,0.1111111111111111,0.19999999999999998,0.19999999999999998,0.19999999999999998
bm25,auto_154,51,0.23076923076923078,0.5454545454545454,0.3243243243243243,0.38461538461538464,0.9090909090909091,0.5405405405405405,0.3243243243243243,0.5405405405405405
bm25,auto_116,7,1.0,0.4375,0.6086956521739131,1.0,0.4375,0.6086956521739131,0.6086956521739131,0.6086956521739131
bm25,auto_047,67,0.13333333333333333,0.38461538461538464,0.19801980198019803,0.2,0.5769230769230769,0.29702970297029707,0.19801980198019803,0.29702970297029707
bm25,auto_113,21,0.6190476190476191,0.52,0.5652173913043478,0.6190476190476191,0.52,0.5652173913043478,0.5652173913043478,0.5652173913043478
bm25,auto_096,6,1.0,0.5,0.6666666666666666,1.0,0.5,0.6666666666666666,0.6666666666666666,0.6666666666666666
bm25,auto_055,22,0.5,0.7857142857142857,0.6111111111111112,0.5,0.7857142857142857,0.6111111111111112,0.6111111111111112,0.6111111111111112
bm25,auto_149,57,0.07936507936507936,0.5555555555555556,0.1388888888888889,0.07936507936507936,0.5555555555555556,0.1388888888888889,0.1388888888888889,0.1388888888888889
bm25,auto_090,12,1.0,0.6190476190476191,0.7647058823529412,1.0,0.6190476190476191,0.7647058823529412,0.7647058823529412,0.7647058823529412
bm25,auto_127,10,0.9,0.9,0.9,0.9,0.9,0.9,0.9,0.9
bm25,auto_136,32,0.5757575757575758,0.6129032258064516,0.59375,0.6666666666666666,0.7096774193548387,0.6875,0.59375,0.6875
bm25,auto_125,17,0.5294117647058824,0.5,0.5142857142857143,0.5882352941176471,0.5555555555555556,0.5714285714285715,0.5142857142857143,0.5714285714285715
bm25,auto_145,51,0.2549019607843137,0.5,0.33766233766233766,0.3137254901960784,0.6153846153846154,0.4155844155844156,0.33766233766233766,0.4155844155844156
bm25,auto_034,56,0.07017543859649122,0.12903225806451613,0.0909090909090909,0.17543859649122806,0.3225806451612903,0.22727272727272727,0.0909090909090909,0.22727272727272727
bm25,auto_129,11,0.5454545454545454,0.8571428571428571,0.6666666666666665,0.5454545454545454,0.8571428571428571,0.6666666666666665,0.6666666666666665,0.6666666666666665
bm25,auto_143,44,0.2391304347826087,0.4074074074074074,0.30136986301369867,0.45652173913043476,0.7777777777777778,0.5753424657534246,0.30136986301369867,0.5753424657534246
bm25,auto_083,55,0.44642857142857145,0.5319148936170213,0.48543689320388356,0.5535714285714286,0.6595744680851063,0.6019417475728156,0.48543689320388356,0.6019417475728156
bm25,auto_179,20,0.45,0.5,0.4736842105263158,0.5,0.5555555555555556,0.5263157894736842,0.4736842105263158,0.5263157894736842
bm25,auto_064,2,1.0,0.3333333333333333,0.5,1.0,0.3333333333333333,0.5,0.5,0.5
bm25,auto_084,66,0.5,0.723404255319149,0.591304347826087,0.6029411764705882,0.8723404255319149,0.7130434782608696,0.591304347826087,0.7130434782608696
bm25,auto_101,32,0.59375,0.7307692307692307,0.6551724137931033,0.59375,0.7307692307692307,0.6551724137931033,0.6551724137931033,0.6551724137931033
bm25,auto_105,11,1.0,1.0,1.0,1.0,1.0,1.0,1.0,1.0
bm25,auto_159,20,0.5,0.38461538461538464,0.4347826086956522,0.65,0.5,0.5652173913043479,0.4347826086956522,0.5652173913043479
bm25,auto_073,49,0.11538461538461539,1.0,0.20689655172413793,0.11538461538461539,1.0,0.20689655172413793,0.20689655172413793,0.20689655172413793
dense,auto_048,33,0.2571428571428571,0.20930232558139536,0.23076923076923075,0.34285714285714286,0.27906976744186046,0.3076923076923077,0.23076923076923075,0.3076923076923077
dense,auto_079,22,0.34782608695652173,0.47058823529411764,0.39999999999999997,0.391304347826087,0.5294117647058824,0.45,0.39999999999999997,0.45
dense,auto_006,49,0.1320754716981132,0.04142011834319527,0.06306306306306306,0.24528301886792453,0.07692307692307693,0.11711711711711713,0.06306306306306306,0.11711711711711713
dense,auto_014,13,0.07692307692307693,0.0625,0.06896551724137931,0.07692307692307693,0.0625,0.06896551724137931,0.06896551724137931,0.06896551724137931
dense,auto_038,116,0.14035087719298245,0.2857142857142857,0.18823529411764706,0.18421052631578946,0.375,0.24705882352941172,0.18823529411764706,0.24705882352941172
dense,auto_160,91,0.12222222222222222,0.4230769230769231,0.18965517241379312,0.16666666666666666,0.5769230769230769,0.25862068965517243,0.18965517241379312,0.25862068965517243
dense,auto_191,10,1.0,1.0,1.0,1.0,1.0,1.0,1.0,1.0
dense,auto_131,2,1.0,0.4,0.5714285714285715,1.0,0.4,0.5714285714285715,0.5714285714285715,0.5714285714285715
dense,auto_070,46,0.2978723404255319,0.358974358974359,0.3255813953488372,0.44680851063829785,0.5384615384615384,0.4883720930232558,0.3255813953488372,0.4883720930232558
dense,auto_165,6,0.5714285714285714,0.3333333333333333,0.4210526315789474,0.5714285714285714,0.3333333333333333,0.4210526315789474,0.4210526315789474,0.4210526315789474
dense,auto_111,6,0.8333333333333334,0.19230769230769232,0.3125,1.0,0.23076923076923078,0.375,0.3125,0.375
dense,auto_086,2,1.0,0.2222222222222222,0.3636363636363636,1.0,0.2222222222222222,0.3636363636363636,0.3636363636363636,0.3636363636363636
dense,auto_053,62,0.03225806451612903,0.15384615384615385,0.05333333333333333,0.03225806451612903,0.15384615384615385,0.05333333333333333,0.05333333333333333,0.05333333333333333
dense,auto_198,63,0.6031746031746031,0.38,0.4662576687116564,0.6190476190476191,0.39,0.47852760736196315,0.4662576687116564,0.47852760736196315
dense,auto_046,27,0.17857142857142858,0.11627906976744186,0.14084507042253522,0.17857142857142858,0.11627906976744186,0.14084507042253522,0.14084507042253522,0.14084507042253522
dense,auto_107,3,1.0,0.3,0.4615384615384615,1.0,0.3,0.4615384615384615,0.4615384615384615,0.4615384615384615
dense,auto_194,69,0.3382352941176471,1.0,0.5054945054945055,0.3382352941176471,1.0,0.5054945054945055,0.5054945054945055,0.5054945054945055
dense,auto_031,62,0.0625,0.16666666666666666,0.09090909090909091,0.125,0.3333333333333333,0.18181818181818182,0.09090909090909091,0.18181818181818182
dense,auto_166,12,0.4166666666666667,0.3333333333333333,0.3703703703703704,0.5,0.4,0.4444444444444445,0.3703703703703704,0.4444444444444445
dense,auto_003,104,0.102803738317757,0.2037037037037037,0.13664596273291926,0.1308411214953271,0.25925925925925924,0.1739130434782609,0.13664596273291926,0.1739130434782609
dense,auto_126,22,0.13636363636363635,0.16666666666666666,0.15,0.22727272727272727,0.2777777777777778,0.25,0.15,0.25
dense,auto_197,34,0.17142857142857143,0.23076923076923078,0.19672131147540986,0.17142857142857143,0.23076923076923078,0.19672131147540986,0.19672131147540986,0.19672131147540986
dense,auto_148,10,0.7,1.0,0.8235294117647058,0.7,1.0,0.8235294117647058,0.8235294117647058,0.8235294117647058
dense,auto_081,14,0.2857142857142857,0.16,0.20512820512820512,0.5714285714285714,0.32,0.41025641025641024,0.20512820512820512,0.41025641025641024
dense,auto_037,96,0.08,0.19047619047619047,0.11267605633802817,0.15,0.35714285714285715,0.2112676056338028,0.11267605633802817,0.2112676056338028
dense,auto_139,3,1.0,0.375,0.5454545454545454,1.0,0.375,0.5454545454545454,0.5454545454545454,0.5454545454545454
dense,auto_163,19,0.47368421052631576,0.5,0.4864864864864865,0.631578947368421,0.6666666666666666,0.6486486486486486,0.4864864864864865,0.6486486486486486
dense,auto_077,32,0.29411764705882354,0.5263157894736842,0.3773584905660377,0.35294117647058826,0.631578947368421,0.45283018867924524,0.3773584905660377,0.45283018867924524
dense,auto_004,37,0.9743589743589743,0.95,0.9620253164556962,0.9743589743589743,0.95,0.9620253164556962,0.9620253164556962,0.9620253164556962
dense,auto_039,56,0.08771929824561403,0.20833333333333334,0.1234567901234568,0.12280701754385964,0.2916666666666667,0.1728395061728395,0.1234567901234568,0.1728395061728395
dense,auto_016,25,0.28,0.28,0.28,0.32,0.32,0.32,0.28,0.32
dense,auto_200,7,0.0,0.0,0.0,0.0,0.0,0.0,0.0,0.0
dense,auto_062,6,1.0,0.5833333333333334,0.7368421052631579,1.0,0.5833333333333334,0.7368421052631579,0.7368421052631579,0.7368421052631579
dense,auto_085,9,0.6666666666666666,0.6666666666666666,0.6666666666666666,0.6666666666666666,0.6666666666666666,0.6666666666666666,0.6666666666666666,0.6666666666666666
dense,auto_112,30,0.6,0.5454545454545454,0.5714285714285713,0.6666666666666666,0.6060606060606061,0.6349206349206349,0.5714285714285713,0.6349206349206349
dense,auto_162,9,1.0,1.0,1.0,1.0,1.0,1.0,1.0,1.0
dense,auto_010,88,0.13725490196078433,0.11764705882352941,0.12669683257918554,0.27450980392156865,0.23529411764705882,0.2533936651583711,0.12669683257918554,0.2533936651583711
dense,auto_013,9,0.6,0.5,0.5454545454545454,0.6,0.5,0.5454545454545454,0.5454545454545454,0.5454545454545454
dense,auto_043,19,0.42857142857142855,0.42857142857142855,0.42857142857142855,0.47619047619047616,0.47619047619047616,0.47619047619047616,0.42857142857142855,0.47619047619047616
dense,auto_204,91,0.336734693877551,0.2129032258064516,0.26086956521739124,0.3979591836734694,0.25161290322580643,0.308300395256917,0.26086956521739124,0.308300395256917
dense,auto_153,34,0.47058823529411764,0.5161290322580645,0.4923076923076923,0.5588235294117647,0.6129032258064516,0.5846153846153845,0.4923076923076923,0.5846153846153845
dense,auto_074,8,0.625,0.45454545454545453,0.5263157894736842,0.75,0.5454545454545454,0.631578947368421,0.5263157894736842,0.631578947368421
dense,auto_045,12,0.2631578947368421,0.35714285714285715,0.30303030303030304,0.47368421052631576,0.6428571428571429,0.5454545454545454,0.30303030303030304,0.5454545454545454
dense,auto_120,13,0.23076923076923078,0.2727272727272727,0.24999999999999994,0.23076923076923078,0.2727272727272727,0.24999999999999994,0.24999999999999994,0.24999999999999994
dense,auto_065,18,0.7222222222222222,0.8125,0.7647058823529411,0.7222222222222222,0.8125,0.7647058823529411,0.7647058823529411,0.7647058823529411
dense,auto_017,12,0.0,0.0,0.0,0.0,0.0,0.0,0.0,0.0
dense,auto_001,25,0.18518518518518517,0.05555555555555555,0.08547008547008546,0.2962962962962963,0.08888888888888889,0.13675213675213674,0.08547008547008546,0.13675213675213674
dense,auto_169,17,0.2222222222222222,0.5,0.30769230769230765,0.2222222222222222,0.5,0.30769230769230765,0.30769230769230765,0.30769230769230765
dense,auto_011,121,0.07692307692307693,0.6,0.13636363636363635,0.09401709401709402,0.7333333333333333,0.16666666666666669,0.13636363636363635,0.16666666666666669
dense,auto_173,3,1.0,0.3333333333333333,0.5,1.0,0.3333333333333333,0.5,0.5,0.5
dense,auto_132,6,1.0,0.35294117647058826,0.5217391304347826,1.0,0.35294117647058826,0.5217391304347826,0.5217391304347826,0.5217391304347826
dense,auto_061,107,0.10091743119266056,1.0,0.18333333333333332,0.10091743119266056,1.0,0.18333333333333332,0.18333333333333332,0.18333333333333332
dense,auto_022,21,0.5217391304347826,0.8571428571428571,0.6486486486486486,0.5217391304347826,0.8571428571428571,0.6486486486486486,0.6486486486486486,0.6486486486486486
dense,auto_114,22,0.45454545454545453,0.20833333333333334,0.28571428571428575,0.5909090909090909,0.2708333333333333,0.3714285714285714,0.28571428571428575,0.3714285714285714
dense,auto_156,19,0.7,0.42424242424242425,0.5283018867924527,0.75,0.45454545454545453,0.5660377358490566,0.5283018867924527,0.5660377358490566
dense,auto_078,56,0.19298245614035087,0.5789473684210527,0.2894736842105263,0.3157894736842105,0.9473684210526315,0.47368421052631576,0.2894736842105263,0.47368421052631576
dense,auto_067,24,0.52,0.37142857142857144,0.43333333333333335,0.68,0.4857142857142857,0.5666666666666667,0.43333333333333335,0.5666666666666667
dense,auto_103,47,0.2978723404255319,0.358974358974359,0.3255813953488372,0.44680851063829785,0.5384615384615384,0.4883720930232558,0.3255813953488372,0.4883720930232558
dense,auto_175,3,1.0,0.42857142857142855,0.6,1.0,0.42857142857142855,0.6,0.6,0.6
dense,auto_199,73,0.9864864864864865,1.0,0.9931972789115647,0.9864864864864865,1.0,0.9931972789115647,0.9931972789115647,0.9931972789115647
dense,auto_110,16,0.7777777777777778,0.4827586206896552,0.5957446808510638,0.7777777777777778,0.4827586206896552,0.5957446808510638,0.5957446808510638,0.5957446808510638
dense,auto_080,17,0.7368421052631579,0.8235294117647058,0.7777777777777778,0.7368421052631579,0.8235294117647058,0.7777777777777778,0.7777777777777778,0.7777777777777778
dense,auto_128,11,0.5,0.6,0.5454545454545454,0.75,0.9,0.8181818181818182,0.5454545454545454,0.8181818181818182
dense,auto_171,54,0.15789473684210525,0.5294117647058824,0.24324324324324326,0.24561403508771928,0.8235294117647058,0.37837837837837834,0.24324324324324326,0.37837837837837834
dense,auto_033,16,0.5,0.2962962962962963,0.37209302325581395,0.625,0.37037037037037035,0.4651162790697674,0.37209302325581395,0.4651162790697674
dense,auto_123,6,1.0,0.7777777777777778,0.8750000000000001,1.0,0.7777777777777778,0.8750000000000001,0.8750000000000001,0.8750000000000001
dense,auto_122,49,0.24489795918367346,0.5714285714285714,0.3428571428571428,0.24489795918367346,0.5714285714285714,0.3428571428571428,0.3428571428571428,0.3428571428571428
dense,auto_146,39,0.23076923076923078,0.375,0.2857142857142857,0.3076923076923077,0.5,0.380952380952381,0.2857142857142857,0.380952380952381
dense,auto_102,69,0.15789473684210525,0.41379310344827586,0.22857142857142856,0.2631578947368421,0.6896551724137931,0.380952380952381,0.22857142857142856,0.380952380952381
dense,auto_147,3,1.0,0.4,0.5714285714285715,1.0,0.4,0.5714285714285715,0.5714285714285715,0.5714285714285715
dense,auto_124,4,1.0,0.4444444444444444,0.6153846153846153,1.0,0.4444444444444444,0.6153846153846153,0.6153846153846153,0.6153846153846153
dense,auto_020,33,0.21621621621621623,0.3076923076923077,0.25396825396825395,0.24324324324324326,0.34615384615384615,0.2857142857142857,0.25396825396825395,0.2857142857142857
dense,auto_015,16,0.4375,0.5,0.4666666666666667,0.4375,0.5,0.4666666666666667,0.4666666666666667,0.4666666666666667
dense,auto_181,45,0.4222222222222222,0.6551724137931034,0.5135135135135135,0.4888888888888889,0.7586206896551724,0.5945945945945945,0.5135135135135135,0.5945945945945945
dense,auto_180,20,0.4,0.34782608695652173,0.37209302325581395,0.55,0.4782608695652174,0.5116279069767442,0.37209302325581395,0.5116279069767442
dense,auto_133,10,1.0,0.5882352941176471,0.7407407407407407,1.0,0.5882352941176471,0.7407407407407407,0.7407407407407407,0.7407407407407407
dense,auto_066,20,0.7142857142857143,0.5555555555555556,0.6250000000000001,0.7619047619047619,0.5925925925925926,0.6666666666666666,0.6250000000000001,0.6666666666666666
dense,auto_154,23,0.625,0.6818181818181818,0.6521739130434783,0.6666666666666666,0.7272727272727273,0.6956521739130435,0.6521739130434783,0.6956521739130435
dense,auto_116,15,0.9333333333333333,0.875,0.9032258064516129,0.9333333333333333,0.875,0.9032258064516129,0.9032258064516129,0.9032258064516129
dense,auto_047,24,0.28,0.2692307692307692,0.27450980392156865,0.4,0.38461538461538464,0.39215686274509803,0.27450980392156865,0.39215686274509803
dense,auto_113,42,0.42857142857142855,0.72,0.5373134328358209,0.42857142857142855,0.72,0.5373134328358209,0.5373134328358209,0.5373134328358209
dense,auto_096,10,1.0,0.8333333333333334,0.9090909090909091,1.0,0.8333333333333334,0.9090909090909091,0.9090909090909091,0.9090909090909091
dense,auto_055,10,0.9,0.6428571428571429,0.75,0.9,0.6428571428571429,0.75,0.75,0.75
dense,auto_149,57,0.06349206349206349,0.4444444444444444,0.1111111111111111,0.07936507936507936,0.5555555555555556,0.1388888888888889,0.1111111111111111,0.1388888888888889
dense,auto_090,12,1.0,0.6190476190476191,0.7647058823529412,1.0,0.6190476190476191,0.7647058823529412,0.7647058823529412,0.7647058823529412
dense,auto_127,11,0.8181818181818182,0.9,0.8571428571428572,0.8181818181818182,0.9,0.8571428571428572,0.8571428571428572,0.8571428571428572
dense,auto_136,29,0.42857142857142855,0.3870967741935484,0.4067796610169491,0.5357142857142857,0.4838709677419355,0.5084745762711865,0.4067796610169491,0.5084745762711865
dense,auto_125,26,0.4230769230769231,0.6111111111111112,0.5,0.4230769230769231,0.6111111111111112,0.5,0.5,0.5
dense,auto_145,53,0.2641509433962264,0.5384615384615384,0.3544303797468354,0.3018867924528302,0.6153846153846154,0.4050632911392405,0.3544303797468354,0.4050632911392405
dense,auto_034,101,0.06862745098039216,0.22580645161290322,0.10526315789473685,0.09803921568627451,0.3225806451612903,0.15037593984962405,0.10526315789473685,0.15037593984962405
dense,auto_129,11,0.6363636363636364,1.0,0.7777777777777778,0.6363636363636364,1.0,0.7777777777777778,0.7777777777777778,0.7777777777777778
dense,auto_143,44,0.32608695652173914,0.5555555555555556,0.410958904109589,0.391304347826087,0.6666666666666666,0.4931506849315068,0.410958904109589,0.4931506849315068
dense,auto_083,29,0.3448275862068966,0.2127659574468085,0.2631578947368421,0.5517241379310345,0.3404255319148936,0.4210526315789473,0.2631578947368421,0.4210526315789473
dense,auto_179,3,1.0,0.16666666666666666,0.2857142857142857,1.0,0.16666666666666666,0.2857142857142857,0.2857142857142857,0.2857142857142857
dense,auto_064,2,1.0,0.3333333333333333,0.5,1.0,0.3333333333333333,0.5,0.5,0.5
dense,auto_084,71,0.23943661971830985,0.3617021276595745,0.288135593220339,0.36619718309859156,0.5531914893617021,0.4406779661016949,0.288135593220339,0.4406779661016949
dense,auto_101,31,0.46875,0.5769230769230769,0.5172413793103449,0.6875,0.8461538461538461,0.7586206896551724,0.5172413793103449,0.7586206896551724
dense,auto_105,11,1.0,1.0,1.0,1.0,1.0,1.0,1.0,1.0
dense,auto_159,50,0.2,0.38461538461538464,0.2631578947368421,0.34,0.6538461538461539,0.4473684210526316,0.2631578947368421,0.4473684210526316
dense,auto_073,14,0.3333333333333333,0.8333333333333334,0.47619047619047616,0.3333333333333333,0.8333333333333334,0.47619047619047616,0.47619047619047616,0.47619047619047616
flatrag,auto_048,74,0.14864864864864866,0.2558139534883721,0.18803418803418803,0.1891891891891892,0.32558139534883723,0.23931623931623935,0.18803418803418803,0.23931623931623935
flatrag,auto_079,18,0.6666666666666666,0.7058823529411765,0.6857142857142857,0.6666666666666666,0.7058823529411765,0.6857142857142857,0.6857142857142857,0.6857142857142857
flatrag,auto_006,85,0.3076923076923077,0.16568047337278108,0.2153846153846154,0.4835164835164835,0.2603550295857988,0.3384615384615384,0.2153846153846154,0.3384615384615384
flatrag,auto_014,16,0.7368421052631579,0.875,0.7999999999999999,0.7368421052631579,0.875,0.7999999999999999,0.7999999999999999,0.7999999999999999
flatrag,auto_038,85,0.15294117647058825,0.23214285714285715,0.1843971631205674,0.24705882352941178,0.375,0.2978723404255319,0.1843971631205674,0.2978723404255319
flatrag,auto_160,54,0.15384615384615385,0.3076923076923077,0.20512820512820515,0.23076923076923078,0.46153846153846156,0.30769230769230776,0.20512820512820515,0.30769230769230776
flatrag,auto_191,11,0.9090909090909091,1.0,0.9523809523809523,0.9090909090909091,1.0,0.9523809523809523,0.9523809523809523,0.9523809523809523
flatrag,auto_131,2,1.0,0.4,0.5714285714285715,1.0,0.4,0.5714285714285715,0.5714285714285715,0.5714285714285715
flatrag,auto_070,13,0.7692307692307693,0.2564102564102564,0.38461538461538464,0.7692307692307693,0.2564102564102564,0.38461538461538464,0.38461538461538464,0.38461538461538464
flatrag,auto_165,11,1.0,1.0,1.0,1.0,1.0,1.0,1.0,1.0
flatrag,auto_111,42,0.5476190476190477,0.8846153846153846,0.6764705882352942,0.5714285714285714,0.9230769230769231,0.7058823529411765,0.6764705882352942,0.7058823529411765
flatrag,auto_086,23,0.15384615384615385,0.4444444444444444,0.2285714285714286,0.23076923076923078,0.6666666666666666,0.3428571428571429,0.2285714285714286,0.3428571428571429
flatrag,auto_053,13,1.0,1.0,1.0,1.0,1.0,1.0,1.0,1.0
flatrag,auto_198,78,0.8181818181818182,0.63,0.711864406779661,0.8181818181818182,0.63,0.711864406779661,0.711864406779661,0.711864406779661
flatrag,auto_046,32,0.20588235294117646,0.16279069767441862,0.18181818181818182,0.29411764705882354,0.23255813953488372,0.2597402597402597,0.18181818181818182,0.2597402597402597
flatrag,auto_107,3,1.0,0.3,0.4615384615384615,1.0,0.3,0.4615384615384615,0.4615384615384615,0.4615384615384615
flatrag,auto_194,79,0.2911392405063291,1.0,0.45098039215686275,0.2911392405063291,1.0,0.45098039215686275,0.45098039215686275,0.45098039215686275
flatrag,auto_031,17,0.11764705882352941,0.08333333333333333,0.09756097560975609,0.11764705882352941,0.08333333333333333,0.09756097560975609,0.09756097560975609,0.09756097560975609
flatrag,auto_166,22,0.13043478260869565,0.2,0.15789473684210528,0.21739130434782608,0.3333333333333333,0.26315789473684204,0.15789473684210528,0.26315789473684204
flatrag,auto_003,33,0.6764705882352942,0.42592592592592593,0.5227272727272728,0.7352941176470589,0.46296296296296297,0.5681818181818182,0.5227272727272728,0.5681818181818182
flatrag,auto_126,35,0.08571428571428572,0.16666666666666666,0.11320754716981132,0.17142857142857143,0.3333333333333333,0.22641509433962265,0.11320754716981132,0.22641509433962265
flatrag,auto_197,29,0.3793103448275862,0.4230769230769231,0.4,0.3793103448275862,0.4230769230769231,0.4,0.4,0.4
flatrag,auto_148,10,0.7,1.0,0.8235294117647058,0.7,1.0,0.8235294117647058,0.8235294117647058,0.8235294117647058
flatrag,auto_081,41,0.34146341463414637,0.56,0.42424242424242425,0.4878048780487805,0.8,0.6060606060606061,0.42424242424242425,0.6060606060606061
flatrag,auto_037,74,0.14666666666666667,0.2619047619047619,0.18803418803418803,0.21333333333333335,0.38095238095238093,0.2735042735042735,0.18803418803418803,0.2735042735042735
flatrag,auto_139,3,1.0,0.375,0.5454545454545454,1.0,0.375,0.5454545454545454,0.5454545454545454,0.5454545454545454
flatrag,auto_163,67,0.22388059701492538,0.8333333333333334,0.3529411764705882,0.23880597014925373,0.8888888888888888,0.3764705882352941,0.3529411764705882,0.3764705882352941
flatrag,auto_077,45,0.125,0.3157894736842105,0.1791044776119403,0.20833333333333334,0.5263157894736842,0.29850746268656714,0.1791044776119403,0.29850746268656714
flatrag,auto_004,37,0.9743589743589743,0.95,0.9620253164556962,0.9743589743589743,0.95,0.9620253164556962,0.9620253164556962,0.9620253164556962
flatrag,auto_039,23,0.08695652173913043,0.08333333333333333,0.0851063829787234,0.13043478260869565,0.125,0.1276595744680851,0.0851063829787234,0.1276595744680851
flatrag,auto_016,27,0.14814814814814814,0.16,0.15384615384615383,0.2222222222222222,0.24,0.23076923076923075,0.15384615384615383,0.23076923076923075
flatrag,auto_200,32,0.10344827586206896,0.0375,0.05504587155963303,0.13793103448275862,0.05,0.07339449541284404,0.05504587155963303,0.07339449541284404
flatrag,auto_062,6,1.0,0.5833333333333334,0.7368421052631579,1.0,0.5833333333333334,0.7368421052631579,0.7368421052631579,0.7368421052631579
flatrag,auto_085,11,0.75,1.0,0.8571428571428571,0.75,1.0,0.8571428571428571,0.8571428571428571,0.8571428571428571
flatrag,auto_112,22,0.8636363636363636,0.5757575757575758,0.6909090909090909,0.8636363636363636,0.5757575757575758,0.6909090909090909,0.6909090909090909,0.6909090909090909
flatrag,auto_162,9,1.0,1.0,1.0,1.0,1.0,1.0,1.0,1.0
flatrag,auto_010,53,0.1791044776119403,0.10084033613445378,0.12903225806451613,0.208955223880597,0.11764705882352941,0.15053763440860216,0.12903225806451613,0.15053763440860216
flatrag,auto_013,11,0.5,0.5,0.5,0.5,0.5,0.5,0.5,0.5
flatrag,auto_043,11,0.3333333333333333,0.19047619047619047,0.24242424242424246,0.4166666666666667,0.23809523809523808,0.30303030303030304,0.24242424242424246,0.30303030303030304
flatrag,auto_204,87,0.1958762886597938,0.12258064516129032,0.15079365079365079,0.3711340206185567,0.23225806451612904,0.2857142857142857,0.15079365079365079,0.2857142857142857
flatrag,auto_153,56,0.16071428571428573,0.2903225806451613,0.20689655172413793,0.3392857142857143,0.6129032258064516,0.43678160919540227,0.20689655172413793,0.43678160919540227
flatrag,auto_074,9,0.8888888888888888,0.7272727272727273,0.7999999999999999,0.8888888888888888,0.7272727272727273,0.7999999999999999,0.7999999999999999,0.7999999999999999
flatrag,auto_045,6,1.0,0.6428571428571429,0.782608695652174,1.0,0.6428571428571429,0.782608695652174,0.782608695652174,0.782608695652174
flatrag,auto_120,11,1.0,1.0,1.0,1.0,1.0,1.0,1.0,1.0
flatrag,auto_065,13,0.9230769230769231,0.75,0.8275862068965517,0.9230769230769231,0.75,0.8275862068965517,0.8275862068965517,0.8275862068965517
flatrag,auto_017,64,0.013888888888888888,0.045454545454545456,0.02127659574468085,0.013888888888888888,0.045454545454545456,0.02127659574468085,0.02127659574468085,0.02127659574468085
flatrag,auto_001,27,0.625,0.2222222222222222,0.3278688524590164,0.6875,0.24444444444444444,0.360655737704918,0.3278688524590164,0.360655737704918
flatrag,auto_169,16,0.0,0.0,0.0,0.0,0.0,0.0,0.0,0.0
flatrag,auto_011,13,0.375,0.4,0.38709677419354843,0.4375,0.4666666666666667,0.45161290322580644,0.38709677419354843,0.45161290322580644
flatrag,auto_173,3,1.0,0.3333333333333333,0.5,1.0,0.3333333333333333,0.5,0.5,0.5
flatrag,auto_132,8,0.75,0.35294117647058826,0.48,0.75,0.35294117647058826,0.48,0.48,0.48
flatrag,auto_061,11,1.0,1.0,1.0,1.0,1.0,1.0,1.0,1.0
flatrag,auto_022,12,0.9333333333333333,1.0,0.9655172413793104,0.9333333333333333,1.0,0.9655172413793104,0.9655172413793104,0.9655172413793104
flatrag,auto_114,113,0.125,0.2916666666666667,0.17500000000000002,0.20535714285714285,0.4791666666666667,0.2875,0.17500000000000002,0.2875
flatrag,auto_156,29,0.6071428571428571,0.5151515151515151,0.5573770491803278,0.6785714285714286,0.5757575757575758,0.6229508196721312,0.5573770491803278,0.6229508196721312
flatrag,auto_078,68,0.17391304347826086,0.631578947368421,0.2727272727272727,0.2753623188405797,1.0,0.4318181818181819,0.2727272727272727,0.4318181818181819
flatrag,auto_067,28,0.4827586206896552,0.4,0.43750000000000006,0.6206896551724138,0.5142857142857142,0.5625,0.43750000000000006,0.5625
flatrag,auto_103,46,0.30434782608695654,0.358974358974359,0.32941176470588235,0.43478260869565216,0.5128205128205128,0.47058823529411764,0.32941176470588235,0.47058823529411764
flatrag,auto_175,25,0.24,0.8571428571428571,0.375,0.24,0.8571428571428571,0.375,0.375,0.375
flatrag,auto_199,72,1.0,1.0,1.0,1.0,1.0,1.0,1.0,1.0
flatrag,auto_110,49,0.46153846153846156,0.8275862068965517,0.5925925925925927,0.5,0.896551724137931,0.6419753086419753,0.5925925925925927,0.6419753086419753
flatrag,auto_080,61,0.19047619047619047,0.7058823529411765,0.3,0.2222222222222222,0.8235294117647058,0.35000000000000003,0.3,0.35000000000000003
flatrag,auto_128,5,1.0,0.6,0.7499999999999999,1.0,0.6,0.7499999999999999,0.7499999999999999,0.7499999999999999
flatrag,auto_171,41,0.20930232558139536,0.5294117647058824,0.3,0.3953488372093023,1.0,0.5666666666666667,0.3,0.5666666666666667
flatrag,auto_033,40,0.38461538461538464,0.5555555555555556,0.4545454545454546,0.4358974358974359,0.6296296296296297,0.5151515151515151,0.4545454545454546,0.5151515151515151
flatrag,auto_123,7,1.0,0.8888888888888888,0.9411764705882353,1.0,0.8888888888888888,0.9411764705882353,0.9411764705882353,0.9411764705882353
flatrag,auto_122,89,0.23595505617977527,1.0,0.38181818181818183,0.23595505617977527,1.0,0.38181818181818183,0.38181818181818183,0.38181818181818183
flatrag,auto_146,91,0.1595744680851064,0.625,0.2542372881355932,0.1595744680851064,0.625,0.2542372881355932,0.2542372881355932,0.2542372881355932
flatrag,auto_102,82,0.19767441860465115,0.5862068965517241,0.29565217391304344,0.23255813953488372,0.6896551724137931,0.34782608695652173,0.29565217391304344,0.34782608695652173
flatrag,auto_147,13,0.5384615384615384,0.7,0.608695652173913,0.5384615384615384,0.7,0.608695652173913,0.608695652173913,0.608695652173913
flatrag,auto_124,37,0.24324324324324326,1.0,0.391304347826087,0.24324324324324326,1.0,0.391304347826087,0.391304347826087,0.391304347826087
flatrag,auto_020,71,0.2564102564102564,0.7692307692307693,0.38461538461538464,0.2692307692307692,0.8076923076923077,0.40384615384615385,0.38461538461538464,0.40384615384615385
flatrag,auto_015,16,0.4117647058823529,0.5,0.45161290322580644,0.4117647058823529,0.5,0.45161290322580644,0.45161290322580644,0.45161290322580644
flatrag,auto_181,31,0.5483870967741935,0.5862068965517241,0.5666666666666665,0.5806451612903226,0.6206896551724138,0.6000000000000001,0.5666666666666665,0.6000000000000001
flatrag,auto_180,19,0.631578947368421,0.5217391304347826,0.5714285714285715,0.7368421052631579,0.6086956521739131,0.6666666666666666,0.5714285714285715,0.6666666666666666
flatrag,auto_133,19,0.7368421052631579,0.8235294117647058,0.7777777777777778,0.7894736842105263,0.8823529411764706,0.8333333333333333,0.7777777777777778,0.8333333333333333
flatrag,auto_066,32,0.34375,0.4074074074074074,0.37288135593220334,0.46875,0.5555555555555556,0.5084745762711864,0.37288135593220334,0.5084745762711864
flatrag,auto_154,52,0.3584905660377358,0.8636363636363636,0.5066666666666666,0.39622641509433965,0.9545454545454546,0.5599999999999999,0.5066666666666666,0.5599999999999999
flatrag,auto_116,16,1.0,1.0,1.0,1.0,1.0,1.0,1.0,1.0
flatrag,auto_047,31,0.34375,0.4230769230769231,0.3793103448275862,0.46875,0.5769230769230769,0.5172413793103449,0.3793103448275862,0.5172413793103449
flatrag,auto_113,57,0.3157894736842105,0.72,0.43902439024390244,0.3157894736842105,0.72,0.43902439024390244,0.43902439024390244,0.43902439024390244
flatrag,auto_096,6,1.0,0.5,0.6666666666666666,1.0,0.5,0.6666666666666666,0.6666666666666666,0.6666666666666666
flatrag,auto_055,21,0.4782608695652174,0.7857142857142857,0.5945945945945946,0.4782608695652174,0.7857142857142857,0.5945945945945946,0.5945945945945946,0.5945945945945946
flatrag,auto_149,68,0.08108108108108109,0.6666666666666666,0.14457831325301207,0.12162162162162163,1.0,0.21686746987951808,0.14457831325301207,0.21686746987951808
flatrag,auto_090,16,0.7647058823529411,0.6190476190476191,0.6842105263157895,0.7647058823529411,0.6190476190476191,0.6842105263157895,0.6842105263157895,0.6842105263157895
flatrag,auto_127,6,1.0,0.6,0.7499999999999999,1.0,0.6,0.7499999999999999,0.7499999999999999,0.7499999999999999
flatrag,auto_136,45,0.3958333333333333,0.6129032258064516,0.4810126582278481,0.4583333333333333,0.7096774193548387,0.5569620253164557,0.4810126582278481,0.5569620253164557
flatrag,auto_125,66,0.20588235294117646,0.7777777777777778,0.3255813953488372,0.25,0.9444444444444444,0.3953488372093023,0.3255813953488372,0.3953488372093023
flatrag,auto_145,69,0.22857142857142856,0.6153846153846154,0.3333333333333333,0.2571428571428571,0.6923076923076923,0.37499999999999994,0.3333333333333333,0.37499999999999994
flatrag,auto_034,28,0.13333333333333333,0.12903225806451613,0.13114754098360656,0.26666666666666666,0.25806451612903225,0.26229508196721313,0.13114754098360656,0.26229508196721313
flatrag,auto_129,9,0.7777777777777778,1.0,0.8750000000000001,0.7777777777777778,1.0,0.8750000000000001,0.8750000000000001,0.8750000000000001
flatrag,auto_143,70,0.1506849315068493,0.4074074074074074,0.22,0.2876712328767123,0.7777777777777778,0.42,0.22,0.42
flatrag,auto_083,22,0.45454545454545453,0.2127659574468085,0.28985507246376807,0.7272727272727273,0.3404255319148936,0.46376811594202894,0.28985507246376807,0.46376811594202894
flatrag,auto_179,3,1.0,0.16666666666666666,0.2857142857142857,1.0,0.16666666666666666,0.2857142857142857,0.2857142857142857,0.2857142857142857
flatrag,auto_064,2,1.0,0.3333333333333333,0.5,1.0,0.3333333333333333,0.5,0.5,0.5
flatrag,auto_084,64,0.265625,0.3617021276595745,0.30630630630630634,0.5,0.6808510638297872,0.5765765765765766,0.30630630630630634,0.5765765765765766
flatrag,auto_101,38,0.5128205128205128,0.7692307692307693,0.6153846153846154,0.5384615384615384,0.8076923076923077,0.6461538461538461,0.6153846153846154,0.6461538461538461
flatrag,auto_105,3,1.0,0.2727272727272727,0.42857142857142855,1.0,0.2727272727272727,0.42857142857142855,0.42857142857142855,0.42857142857142855
flatrag,auto_159,33,0.3235294117647059,0.4230769230769231,0.3666666666666667,0.5,0.6538461538461539,0.5666666666666668,0.3666666666666667,0.5666666666666668
flatrag,auto_073,13,0.3333333333333333,0.8333333333333334,0.47619047619047616,0.3333333333333333,0.8333333333333334,0.47619047619047616,0.47619047619047616,0.47619047619047616
raptor,auto_048,39,0.4146341463414634,0.3953488372093023,0.40476190476190477,0.4146341463414634,0.3953488372093023,0.40476190476190477,0.40476190476190477,0.40476190476190477
raptor,auto_079,20,0.47619047619047616,0.5882352941176471,0.5263157894736842,0.47619047619047616,0.5882352941176471,0.5263157894736842,0.5263157894736842,0.5263157894736842
raptor,auto_006,48,0.24,0.07100591715976332,0.1095890410958904,0.42,0.1242603550295858,0.1917808219178082,0.1095890410958904,0.1917808219178082
raptor,auto_014,36,0.05,0.125,0.07142857142857144,0.05,0.125,0.07142857142857144,0.07142857142857144,0.07142857142857144
raptor,auto_038,42,0.19047619047619047,0.14285714285714285,0.16326530612244897,0.2619047619047619,0.19642857142857142,0.22448979591836735,0.16326530612244897,0.22448979591836735
raptor,auto_160,114,0.14912280701754385,0.6538461538461539,0.24285714285714283,0.17543859649122806,0.7692307692307693,0.2857142857142857,0.24285714285714283,0.2857142857142857
raptor,auto_191,10,1.0,1.0,1.0,1.0,1.0,1.0,1.0,1.0
raptor,auto_131,2,1.0,0.4,0.5714285714285715,1.0,0.4,0.5714285714285715,0.5714285714285715,0.5714285714285715
raptor,auto_070,37,0.35135135135135137,0.3333333333333333,0.34210526315789475,0.5135135135135135,0.48717948717948717,0.5,0.34210526315789475,0.5
raptor,auto_165,21,0.5454545454545454,1.0,0.7058823529411764,0.5454545454545454,1.0,0.7058823529411764,0.7058823529411764,0.7058823529411764
raptor,auto_111,58,0.39655172413793105,0.8846153846153846,0.5476190476190476,0.41379310344827586,0.9230769230769231,0.5714285714285715,0.5476190476190476,0.5714285714285715
raptor,auto_086,2,1.0,0.2222222222222222,0.3636363636363636,1.0,0.2222222222222222,0.3636363636363636,0.3636363636363636,0.3636363636363636
raptor,auto_053,29,0.034482758620689655,0.07692307692307693,0.04761904761904762,0.034482758620689655,0.07692307692307693,0.04761904761904762,0.04761904761904762,0.04761904761904762
raptor,auto_198,47,0.6808510638297872,0.32,0.435374149659864,0.723404255319149,0.34,0.4625850340136055,0.435374149659864,0.4625850340136055
raptor,auto_046,57,0.08333333333333333,0.11627906976744186,0.0970873786407767,0.1,0.13953488372093023,0.11650485436893203,0.0970873786407767,0.11650485436893203
raptor,auto_107,3,1.0,0.3,0.4615384615384615,1.0,0.3,0.4615384615384615,0.4615384615384615,0.4615384615384615
raptor,auto_194,68,0.3484848484848485,1.0,0.5168539325842696,0.3484848484848485,1.0,0.5168539325842696,0.5168539325842696,0.5168539325842696
raptor,auto_031,36,0.1111111111111111,0.16666666666666666,0.13333333333333333,0.16666666666666666,0.25,0.2,0.13333333333333333,0.2
raptor,auto_166,3,1.0,0.2,0.33333333333333337,1.0,0.2,0.33333333333333337,0.33333333333333337,0.33333333333333337
raptor,auto_003,9,0.7,0.12962962962962962,0.21875,0.9,0.16666666666666666,0.28125,0.21875,0.28125
raptor,auto_126,21,0.19047619047619047,0.2222222222222222,0.20512820512820512,0.3333333333333333,0.3888888888888889,0.358974358974359,0.20512820512820512,0.358974358974359
raptor,auto_197,19,0.23809523809523808,0.19230769230769232,0.21276595744680848,0.23809523809523808,0.19230769230769232,0.21276595744680848,0.21276595744680848,0.21276595744680848
raptor,auto_148,10,0.7,1.0,0.8235294117647058,0.7,1.0,0.8235294117647058,0.8235294117647058,0.8235294117647058
raptor,auto_081,24,0.20833333333333334,0.2,0.20408163265306126,0.375,0.36,0.3673469387755102,0.20408163265306126,0.3673469387755102
raptor,auto_037,94,0.07446808510638298,0.16666666666666666,0.10294117647058823,0.13829787234042554,0.30952380952380953,0.19117647058823528,0.10294117647058823,0.19117647058823528
raptor,auto_139,3,1.0,0.375,0.5454545454545454,1.0,0.375,0.5454545454545454,0.5454545454545454,0.5454545454545454
raptor,auto_163,27,0.48148148148148145,0.7222222222222222,0.5777777777777777,0.48148148148148145,0.7222222222222222,0.5777777777777777,0.5777777777777777,0.5777777777777777
raptor,auto_077,30,0.28125,0.47368421052631576,0.35294117647058826,0.28125,0.47368421052631576,0.35294117647058826,0.35294117647058826,0.35294117647058826
raptor,auto_004,14,0.6875,0.275,0.3928571428571429,0.8125,0.325,0.46428571428571436,0.3928571428571429,0.46428571428571436
raptor,auto_039,143,0.06293706293706294,0.375,0.10778443113772457,0.09090909090909091,0.5416666666666666,0.15568862275449102,0.10778443113772457,0.15568862275449102
raptor,auto_016,24,0.038461538461538464,0.04,0.0392156862745098,0.038461538461538464,0.04,0.0392156862745098,0.0392156862745098,0.0392156862745098
raptor,auto_200,34,0.08333333333333333,0.0375,0.05172413793103448,0.08333333333333333,0.0375,0.05172413793103448,0.05172413793103448,0.05172413793103448
raptor,auto_062,3,1.0,0.3333333333333333,0.5,1.0,0.3333333333333333,0.5,0.5,0.5
raptor,auto_085,9,0.6666666666666666,0.6666666666666666,0.6666666666666666,0.6666666666666666,0.6666666666666666,0.6666666666666666,0.6666666666666666,0.6666666666666666
raptor,auto_112,70,0.3,0.6363636363636364,0.4077669902912621,0.35714285714285715,0.7575757575757576,0.48543689320388345,0.4077669902912621,0.48543689320388345
raptor,auto_162,9,0.6666666666666666,0.6666666666666666,0.6666666666666666,0.6666666666666666,0.6666666666666666,0.6666666666666666,0.6666666666666666,0.6666666666666666
raptor,auto_010,89,0.14736842105263157,0.11764705882352941,0.1308411214953271,0.22105263157894736,0.17647058823529413,0.19626168224299065,0.1308411214953271,0.19626168224299065
raptor,auto_013,19,0.42105263157894735,0.6666666666666666,0.5161290322580646,0.47368421052631576,0.75,0.5806451612903226,0.5161290322580646,0.5806451612903226
raptor,auto_043,23,0.28,0.3333333333333333,0.30434782608695654,0.32,0.38095238095238093,0.34782608695652173,0.30434782608695654,0.34782608695652173
raptor,auto_204,26,0.21212121212121213,0.04516129032258064,0.07446808510638298,0.24242424242424243,0.05161290322580645,0.0851063829787234,0.07446808510638298,0.0851063829787234
raptor,auto_153,49,0.32653061224489793,0.5161290322580645,0.4,0.5306122448979592,0.8387096774193549,0.65,0.4,0.65
raptor,auto_074,3,0.6666666666666666,0.18181818181818182,0.28571428571428575,0.6666666666666666,0.18181818181818182,0.28571428571428575,0.28571428571428575,0.28571428571428575
raptor,auto_045,42,0.09523809523809523,0.2857142857142857,0.14285714285714285,0.09523809523809523,0.2857142857142857,0.14285714285714285,0.14285714285714285,0.14285714285714285
raptor,auto_120,6,0.5,0.2727272727272727,0.3529411764705882,0.5,0.2727272727272727,0.3529411764705882,0.3529411764705882,0.3529411764705882
raptor,auto_065,13,0.9230769230769231,0.75,0.8275862068965517,0.9230769230769231,0.75,0.8275862068965517,0.8275862068965517,0.8275862068965517
raptor,auto_017,25,0.18518518518518517,0.22727272727272727,0.20408163265306123,0.2222222222222222,0.2727272727272727,0.24489795918367346,0.20408163265306123,0.24489795918367346
raptor,auto_001,33,0.13157894736842105,0.05555555555555555,0.078125,0.2631578947368421,0.1111111111111111,0.15625,0.078125,0.15625
raptor,auto_169,13,0.15384615384615385,0.25,0.1904761904761905,0.15384615384615385,0.25,0.1904761904761905,0.1904761904761905,0.1904761904761905
raptor,auto_011,33,0.06451612903225806,0.13333333333333333,0.08695652173913043,0.0967741935483871,0.2,0.13043478260869568,0.08695652173913043,0.13043478260869568
raptor,auto_173,3,1.0,0.3333333333333333,0.5,1.0,0.3333333333333333,0.5,0.5,0.5
raptor,auto_132,11,0.6363636363636364,0.4117647058823529,0.5,1.0,0.6470588235294118,0.7857142857142858,0.5,0.7857142857142858
raptor,auto_061,71,0.1527777777777778,1.0,0.26506024096385544,0.1527777777777778,1.0,0.26506024096385544,0.26506024096385544,0.26506024096385544
raptor,auto_022,32,0.0625,0.14285714285714285,0.08695652173913043,0.09375,0.21428571428571427,0.13043478260869562,0.08695652173913043,0.13043478260869562
raptor,auto_114,27,0.4444444444444444,0.25,0.32,0.5555555555555556,0.3125,0.39999999999999997,0.32,0.39999999999999997
raptor,auto_156,93,0.19101123595505617,0.5151515151515151,0.2786885245901639,0.25842696629213485,0.696969696969697,0.37704918032786894,0.2786885245901639,0.37704918032786894
raptor,auto_078,57,0.23214285714285715,0.6842105263157895,0.3466666666666667,0.25,0.7368421052631579,0.37333333333333335,0.3466666666666667,0.37333333333333335
raptor,auto_067,45,0.2608695652173913,0.34285714285714286,0.29629629629629634,0.45652173913043476,0.6,0.5185185185185185,0.29629629629629634,0.5185185185185185
raptor,auto_103,87,0.19318181818181818,0.4358974358974359,0.2677165354330709,0.2840909090909091,0.6410256410256411,0.3937007874015749,0.2677165354330709,0.3937007874015749
raptor,auto_175,3,1.0,0.42857142857142855,0.6,1.0,0.42857142857142855,0.6,0.6,0.6
raptor,auto_199,36,0.08108108108108109,0.0410958904109589,0.05454545454545455,0.10810810810810811,0.0547945205479452,0.07272727272727272,0.05454545454545455,0.07272727272727272
raptor,auto_110,60,0.21875,0.4827586206896552,0.30107526881720426,0.40625,0.896551724137931,0.5591397849462365,0.30107526881720426,0.5591397849462365
raptor,auto_080,29,0.3870967741935484,0.7058823529411765,0.5,0.5161290322580645,0.9411764705882353,0.6666666666666666,0.5,0.6666666666666666
raptor,auto_128,5,1.0,0.6,0.7499999999999999,1.0,0.6,0.7499999999999999,0.7499999999999999,0.7499999999999999
raptor,auto_171,30,0.16666666666666666,0.29411764705882354,0.21276595744680848,0.26666666666666666,0.47058823529411764,0.3404255319148936,0.21276595744680848,0.3404255319148936
raptor,auto_033,169,0.07602339181286549,0.48148148148148145,0.1313131313131313,0.12280701754385964,0.7777777777777778,0.2121212121212121,0.1313131313131313,0.2121212121212121
raptor,auto_123,12,0.6153846153846154,0.8888888888888888,0.7272727272727274,0.6923076923076923,1.0,0.8181818181818181,0.7272727272727274,0.8181818181818181
raptor,auto_122,43,0.34146341463414637,0.6666666666666666,0.4516129032258065,0.4146341463414634,0.8095238095238095,0.5483870967741935,0.4516129032258065,0.5483870967741935
raptor,auto_146,34,0.4,0.5833333333333334,0.4745762711864407,0.4,0.5833333333333334,0.4745762711864407,0.4745762711864407,0.4745762711864407
raptor,auto_102,81,0.1927710843373494,0.5517241379310345,0.28571428571428575,0.25301204819277107,0.7241379310344828,0.375,0.28571428571428575,0.375
raptor,auto_147,12,0.38461538461538464,0.5,0.4347826086956522,0.38461538461538464,0.5,0.4347826086956522,0.4347826086956522,0.4347826086956522
raptor,auto_124,70,0.12162162162162163,1.0,0.21686746987951808,0.12162162162162163,1.0,0.21686746987951808,0.21686746987951808,0.21686746987951808
raptor,auto_020,50,0.0,0.0,0.0,0.0,0.0,0.0,0.0,0.0
raptor,auto_015,20,0.0,0.0,0.0,0.0,0.0,0.0,0.0,0.0
raptor,auto_181,59,0.2542372881355932,0.5172413793103449,0.3409090909090909,0.3559322033898305,0.7241379310344828,0.47727272727272724,0.3409090909090909,0.47727272727272724
raptor,auto_180,50,0.3,0.6521739130434783,0.410958904109589,0.32,0.6956521739130435,0.4383561643835616,0.410958904109589,0.4383561643835616
raptor,auto_133,28,0.4827586206896552,0.8235294117647058,0.608695652173913,0.5172413793103449,0.8823529411764706,0.6521739130434783,0.608695652173913,0.6521739130434783
raptor,auto_066,1,0.0,0.0,0.0,0.0,0.0,0.0,0.0,0.0
raptor,auto_154,22,0.36363636363636365,0.36363636363636365,0.36363636363636365,0.5909090909090909,0.5909090909090909,0.5909090909090909,0.36363636363636365,0.5909090909090909
raptor,auto_116,16,1.0,1.0,1.0,1.0,1.0,1.0,1.0,1.0
raptor,auto_047,27,0.18518518518518517,0.19230769230769232,0.18867924528301885,0.37037037037037035,0.38461538461538464,0.3773584905660377,0.18867924528301885,0.3773584905660377
raptor,auto_113,15,0.7333333333333333,0.44,0.5499999999999999,0.7333333333333333,0.44,0.5499999999999999,0.5499999999999999,0.5499999999999999
raptor,auto_096,9,1.0,0.75,0.8571428571428571,1.0,0.75,0.8571428571428571,0.8571428571428571,0.8571428571428571
raptor,auto_055,8,0.375,0.21428571428571427,0.2727272727272727,0.375,0.21428571428571427,0.2727272727272727,0.2727272727272727,0.2727272727272727
raptor,auto_149,10,0.9,1.0,0.9473684210526316,0.9,1.0,0.9473684210526316,0.9473684210526316,0.9473684210526316
raptor,auto_090,18,0.631578947368421,0.5714285714285714,0.6,0.7894736842105263,0.7142857142857143,0.7500000000000001,0.6,0.7500000000000001
raptor,auto_127,10,0.9,0.9,0.9,0.9,0.9,0.9,0.9,0.9
raptor,auto_136,32,0.6060606060606061,0.6451612903225806,0.625,0.696969696969697,0.7419354838709677,0.71875,0.625,0.71875
raptor,auto_125,37,0.4473684210526316,0.9444444444444444,0.6071428571428572,0.4473684210526316,0.9444444444444444,0.6071428571428572,0.6071428571428572,0.6071428571428572
raptor,auto_145,55,0.2909090909090909,0.6153846153846154,0.3950617283950617,0.32727272727272727,0.6923076923076923,0.4444444444444444,0.3950617283950617,0.4444444444444444
raptor,auto_034,163,0.05454545454545454,0.2903225806451613,0.09183673469387754,0.09696969696969697,0.5161290322580645,0.163265306122449,0.09183673469387754,0.163265306122449
raptor,auto_129,2,1.0,0.2857142857142857,0.4444444444444445,1.0,0.2857142857142857,0.4444444444444445,0.4444444444444445,0.4444444444444445
raptor,auto_143,33,0.47058823529411764,0.5925925925925926,0.5245901639344261,0.5294117647058824,0.6666666666666666,0.5901639344262295,0.5245901639344261,0.5901639344262295
raptor,auto_083,48,0.375,0.3829787234042553,0.37894736842105264,0.6041666666666666,0.6170212765957447,0.6105263157894737,0.37894736842105264,0.6105263157894737
raptor,auto_179,3,1.0,0.16666666666666666,0.2857142857142857,1.0,0.16666666666666666,0.2857142857142857,0.2857142857142857,0.2857142857142857
raptor,auto_064,2,1.0,0.3333333333333333,0.5,1.0,0.3333333333333333,0.5,0.5,0.5
raptor,auto_084,85,0.28735632183908044,0.5319148936170213,0.3731343283582089,0.42528735632183906,0.7872340425531915,0.5522388059701493,0.3731343283582089,0.5522388059701493
raptor,auto_101,23,0.6956521739130435,0.6153846153846154,0.6530612244897959,0.782608695652174,0.6923076923076923,0.7346938775510203,0.6530612244897959,0.7346938775510203
raptor,auto_105,11,1.0,1.0,1.0,1.0,1.0,1.0,1.0,1.0
raptor,auto_159,25,0.28,0.2692307692307692,0.27450980392156865,0.44,0.4230769230769231,0.4313725490196078,0.27450980392156865,0.4313725490196078
raptor,auto_073,14,0.3333333333333333,0.8333333333333334,0.47619047619047616,0.3333333333333333,0.8333333333333334,0.47619047619047616,0.47619047619047616,0.47619047619047616
treerag_dfs,auto_048,56,0.25,0.32558139534883723,0.2828282828282828,0.26785714285714285,0.3488372093023256,0.30303030303030304,0.2828282828282828,0.30303030303030304
treerag_dfs,auto_079,17,0.7777777777777778,0.8235294117647058,0.7999999999999999,0.7777777777777778,0.8235294117647058,0.7999999999999999,0.7999999999999999,0.7999999999999999
treerag_dfs,auto_006,47,0.20408163265306123,0.05917159763313609,0.09174311926605505,0.3469387755102041,0.10059171597633136,0.1559633027522936,0.09174311926605505,0.1559633027522936
treerag_dfs,auto_014,45,0.02040816326530612,0.0625,0.030769230769230767,0.061224489795918366,0.1875,0.0923076923076923,0.030769230769230767,0.0923076923076923
treerag_dfs,auto_038,106,0.19642857142857142,0.39285714285714285,0.26190476190476186,0.3392857142857143,0.6785714285714286,0.45238095238095244,0.26190476190476186,0.45238095238095244
treerag_dfs,auto_160,33,0.09375,0.11538461538461539,0.10344827586206896,0.125,0.15384615384615385,0.13793103448275862,0.10344827586206896,0.13793103448275862
treerag_dfs,auto_191,70,0.1,0.7,0.175,0.12857142857142856,0.9,0.225,0.175,0.225
treerag_dfs,auto_131,16,0.25,0.8,0.38095238095238093,0.25,0.8,0.38095238095238093,0.38095238095238093,0.38095238095238093
treerag_dfs,auto_070,115,0.18333333333333332,0.5641025641025641,0.27672955974842767,0.225,0.6923076923076923,0.339622641509434,0.27672955974842767,0.339622641509434
treerag_dfs,auto_165,11,1.0,1.0,1.0,1.0,1.0,1.0,1.0,1.0
treerag_dfs,auto_111,46,0.2608695652173913,0.46153846153846156,0.33333333333333337,0.45652173913043476,0.8076923076923077,0.5833333333333333,0.33333333333333337,0.5833333333333333
treerag_dfs,auto_086,53,0.14035087719298245,0.8888888888888888,0.24242424242424243,0.14035087719298245,0.8888888888888888,0.24242424242424243,0.24242424242424243,0.24242424242424243
treerag_dfs,auto_053,14,0.8571428571428571,0.9230769230769231,0.888888888888889,0.8571428571428571,0.9230769230769231,0.888888888888889,0.888888888888889,0.888888888888889
treerag_dfs,auto_198,95,0.8191489361702128,0.77,0.7938144329896908,0.8191489361702128,0.77,0.7938144329896908,0.7938144329896908,0.7938144329896908
treerag_dfs,auto_046,102,0.037383177570093455,0.09302325581395349,0.05333333333333333,0.037383177570093455,0.09302325581395349,0.05333333333333333,0.05333333333333333,0.05333333333333333
treerag_dfs,auto_107,38,0.15789473684210525,0.6,0.25,0.15789473684210525,0.6,0.25,0.25,0.25
treerag_dfs,auto_194,68,0.3484848484848485,1.0,0.5168539325842696,0.3484848484848485,1.0,0.5168539325842696,0.5168539325842696,0.5168539325842696
treerag_dfs,auto_031,33,0.0625,0.08333333333333333,0.07142857142857144,0.09375,0.125,0.10714285714285714,0.07142857142857144,0.10714285714285714
treerag_dfs,auto_166,139,0.06428571428571428,0.6,0.11612903225806451,0.07142857142857142,0.6666666666666666,0.12903225806451613,0.11612903225806451,0.12903225806451613
treerag_dfs,auto_003,89,0.12631578947368421,0.2222222222222222,0.16107382550335572,0.18947368421052632,0.3333333333333333,0.2416107382550336,0.16107382550335572,0.2416107382550336
treerag_dfs,auto_126,33,0.09375,0.16666666666666666,0.12000000000000002,0.15625,0.2777777777777778,0.19999999999999998,0.12000000000000002,0.19999999999999998
treerag_dfs,auto_197,90,0.07368421052631578,0.2692307692307692,0.11570247933884296,0.09473684210526316,0.34615384615384615,0.1487603305785124,0.11570247933884296,0.1487603305785124
treerag_dfs,auto_148,11,0.45454545454545453,0.7142857142857143,0.5555555555555556,0.45454545454545453,0.7142857142857143,0.5555555555555556,0.5555555555555556,0.5555555555555556
treerag_dfs,auto_081,43,0.2558139534883721,0.44,0.3235294117647059,0.3953488372093023,0.68,0.5,0.3235294117647059,0.5
treerag_dfs,auto_037,92,0.18085106382978725,0.40476190476190477,0.25,0.2553191489361702,0.5714285714285714,0.35294117647058826,0.25,0.35294117647058826
treerag_dfs,auto_139,17,0.47058823529411764,1.0,0.6399999999999999,0.47058823529411764,1.0,0.6399999999999999,0.6399999999999999,0.6399999999999999
treerag_dfs,auto_163,33,0.3333333333333333,0.6111111111111112,0.43137254901960786,0.3333333333333333,0.6111111111111112,0.43137254901960786,0.43137254901960786,0.43137254901960786
treerag_dfs,auto_077,72,0.08108108108108109,0.3157894736842105,0.12903225806451613,0.14864864864864866,0.5789473684210527,0.23655913978494625,0.12903225806451613,0.23655913978494625
treerag_dfs,auto_004,83,0.13793103448275862,0.3,0.1889763779527559,0.20689655172413793,0.45,0.28346456692913385,0.1889763779527559,0.28346456692913385
treerag_dfs,auto_039,73,0.28,0.875,0.42424242424242425,0.28,0.875,0.42424242424242425,0.42424242424242425,0.42424242424242425
treerag_dfs,auto_016,30,0.06060606060606061,0.08,0.0689655172413793,0.12121212121212122,0.16,0.1379310344827586,0.0689655172413793,0.1379310344827586
treerag_dfs,auto_200,79,0.13953488372093023,0.15,0.14457831325301204,0.13953488372093023,0.15,0.14457831325301204,0.14457831325301204,0.14457831325301204
treerag_dfs,auto_062,6,1.0,0.5833333333333334,0.7368421052631579,1.0,0.5833333333333334,0.7368421052631579,0.7368421052631579,0.7368421052631579
treerag_dfs,auto_085,11,0.75,1.0,0.8571428571428571,0.75,1.0,0.8571428571428571,0.8571428571428571,0.8571428571428571
treerag_dfs,auto_112,100,0.22,0.6666666666666666,0.33082706766917297,0.26,0.7878787878787878,0.39097744360902253,0.33082706766917297,0.39097744360902253
treerag_dfs,auto_162,60,0.11290322580645161,0.7777777777777778,0.19718309859154928,0.14516129032258066,1.0,0.2535211267605634,0.19718309859154928,0.2535211267605634
treerag_dfs,auto_010,33,0.15625,0.04201680672268908,0.06622516556291391,0.21875,0.058823529411764705,0.09271523178807946,0.06622516556291391,0.09271523178807946
treerag_dfs,auto_013,20,0.34782608695652173,0.6666666666666666,0.4571428571428571,0.34782608695652173,0.6666666666666666,0.4571428571428571,0.4571428571428571,0.4571428571428571
treerag_dfs,auto_043,66,0.1095890410958904,0.38095238095238093,0.1702127659574468,0.1232876712328767,0.42857142857142855,0.19148936170212766,0.1702127659574468,0.19148936170212766
treerag_dfs,auto_204,21,0.0,0.0,0.0,0.0,0.0,0.0,0.0,0.0
treerag_dfs,auto_153,121,0.16129032258064516,0.6451612903225806,0.25806451612903225,0.23387096774193547,0.9354838709677419,0.3741935483870968,0.25806451612903225,0.3741935483870968
treerag_dfs,auto_074,10,1.0,0.9090909090909091,0.9523809523809523,1.0,0.9090909090909091,0.9523809523809523,0.9523809523809523,0.9523809523809523
treerag_dfs,auto_045,21,0.0,0.0,0.0,0.0,0.0,0.0,0.0,0.0
treerag_dfs,auto_120,33,0.0625,0.18181818181818182,0.09302325581395349,0.0625,0.18181818181818182,0.09302325581395349,0.09302325581395349,0.09302325581395349
treerag_dfs,auto_065,57,0.24561403508771928,0.875,0.3835616438356165,0.24561403508771928,0.875,0.3835616438356165,0.3835616438356165,0.3835616438356165
treerag_dfs,auto_017,41,0.022727272727272728,0.045454545454545456,0.030303030303030307,0.022727272727272728,0.045454545454545456,0.030303030303030307,0.030303030303030307,0.030303030303030307
treerag_dfs,auto_001,33,0.125,0.044444444444444446,0.06557377049180328,0.21875,0.07777777777777778,0.11475409836065575,0.06557377049180328,0.11475409836065575
treerag_dfs,auto_169,31,0.21875,0.875,0.35,0.21875,0.875,0.35,0.35,0.35
treerag_dfs,auto_011,64,0.016129032258064516,0.06666666666666667,0.025974025974025976,0.016129032258064516,0.06666666666666667,0.025974025974025976,0.025974025974025976,0.025974025974025976
treerag_dfs,auto_173,9,0.3333333333333333,0.3333333333333333,0.3333333333333333,0.7777777777777778,0.7777777777777778,0.7777777777777778,0.3333333333333333,0.7777777777777778
treerag_dfs,auto_132,12,0.6666666666666666,0.47058823529411764,0.5517241379310345,0.6666666666666666,0.47058823529411764,0.5517241379310345,0.5517241379310345,0.5517241379310345
treerag_dfs,auto_061,41,0.275,1.0,0.4313725490196079,0.275,1.0,0.4313725490196079,0.4313725490196079,0.4313725490196079
treerag_dfs,auto_022,33,0.0,0.0,0.0,0.0,0.0,0.0,0.0,0.0
treerag_dfs,auto_114,39,0.3076923076923077,0.25,0.27586206896551724,0.4358974358974359,0.3541666666666667,0.3908045977011494,0.27586206896551724,0.3908045977011494
treerag_dfs,auto_156,139,0.1417910447761194,0.5757575757575758,0.22754491017964074,0.19402985074626866,0.7878787878787878,0.31137724550898205,0.22754491017964074,0.31137724550898205
treerag_dfs,auto_078,66,0.16923076923076924,0.5789473684210527,0.2619047619047619,0.24615384615384617,0.8421052631578947,0.38095238095238093,0.2619047619047619,0.38095238095238093
treerag_dfs,auto_067,49,0.37254901960784315,0.5428571428571428,0.4418604651162791,0.43137254901960786,0.6285714285714286,0.5116279069767442,0.4418604651162791,0.5116279069767442
treerag_dfs,auto_103,105,0.1111111111111111,0.3076923076923077,0.163265306122449,0.19444444444444445,0.5384615384615384,0.28571428571428575,0.163265306122449,0.28571428571428575
treerag_dfs,auto_175,3,1.0,0.42857142857142855,0.6,1.0,0.42857142857142855,0.6,0.6,0.6
treerag_dfs,auto_199,43,0.45652173913043476,0.2876712328767123,0.3529411764705882,0.5217391304347826,0.3287671232876712,0.40336134453781514,0.3529411764705882,0.40336134453781514
treerag_dfs,auto_110,73,0.3246753246753247,0.8620689655172413,0.4716981132075472,0.3246753246753247,0.8620689655172413,0.4716981132075472,0.4716981132075472,0.4716981132075472
treerag_dfs,auto_080,142,0.0945945945945946,0.8235294117647058,0.16969696969696968,0.11486486486486487,1.0,0.20606060606060606,0.16969696969696968,0.20606060606060606
treerag_dfs,auto_128,9,1.0,1.0,1.0,1.0,1.0,1.0,1.0,1.0
treerag_dfs,auto_171,39,0.14634146341463414,0.35294117647058826,0.20689655172413793,0.2682926829268293,0.6470588235294118,0.3793103448275862,0.20689655172413793,0.3793103448275862
treerag_dfs,auto_033,33,0.03125,0.037037037037037035,0.03389830508474576,0.0625,0.07407407407407407,0.06779661016949153,0.03389830508474576,0.06779661016949153
treerag_dfs,auto_123,8,0.7777777777777778,0.7777777777777778,0.7777777777777778,0.7777777777777778,0.7777777777777778,0.7777777777777778,0.7777777777777778,0.7777777777777778
treerag_dfs,auto_122,87,0.10989010989010989,0.47619047619047616,0.17857142857142858,0.14285714285714285,0.6190476190476191,0.23214285714285715,0.17857142857142858,0.23214285714285715
treerag_dfs,auto_146,67,0.14925373134328357,0.4166666666666667,0.21978021978021975,0.16417910447761194,0.4583333333333333,0.2417582417582418,0.21978021978021975,0.2417582417582418
treerag_dfs,auto_102,75,0.2222222222222222,0.5517241379310345,0.31683168316831684,0.2916666666666667,0.7241379310344828,0.4158415841584159,0.31683168316831684,0.4158415841584159
treerag_dfs,auto_147,15,0.4666666666666667,0.7,0.56,0.4666666666666667,0.7,0.56,0.56,0.56
treerag_dfs,auto_124,29,0.3103448275862069,1.0,0.4736842105263158,0.3103448275862069,1.0,0.4736842105263158,0.4736842105263158,0.4736842105263158
treerag_dfs,auto_020,21,0.0,0.0,0.0,0.0,0.0,0.0,0.0,0.0
treerag_dfs,auto_015,22,0.09090909090909091,0.14285714285714285,0.1111111111111111,0.09090909090909091,0.14285714285714285,0.1111111111111111,0.1111111111111111,0.1111111111111111
treerag_dfs,auto_181,147,0.12244897959183673,0.6206896551724138,0.20454545454545453,0.1564625850340136,0.7931034482758621,0.2613636363636364,0.20454545454545453,0.2613636363636364
treerag_dfs,auto_180,71,0.18309859154929578,0.5652173913043478,0.2765957446808511,0.2112676056338028,0.6521739130434783,0.3191489361702128,0.2765957446808511,0.3191489361702128
treerag_dfs,auto_133,53,0.2962962962962963,0.9411764705882353,0.45070422535211263,0.3148148148148148,1.0,0.4788732394366197,0.45070422535211263,0.4788732394366197
treerag_dfs,auto_066,50,0.3076923076923077,0.5925925925925926,0.40506329113924056,0.4423076923076923,0.8518518518518519,0.5822784810126582,0.40506329113924056,0.5822784810126582
treerag_dfs,auto_154,48,0.25,0.5454545454545454,0.34285714285714286,0.375,0.8181818181818182,0.5142857142857142,0.34285714285714286,0.5142857142857142
treerag_dfs,auto_116,28,0.35714285714285715,0.625,0.45454545454545453,0.42857142857142855,0.75,0.5454545454545454,0.45454545454545453,0.5454545454545454
treerag_dfs,auto_047,102,0.10909090909090909,0.46153846153846156,0.1764705882352941,0.13636363636363635,0.5769230769230769,0.22058823529411764,0.1764705882352941,0.22058823529411764
treerag_dfs,auto_113,38,0.34210526315789475,0.52,0.41269841269841273,0.3684210526315789,0.56,0.4444444444444444,0.41269841269841273,0.4444444444444444
treerag_dfs,auto_096,9,1.0,0.75,0.8571428571428571,1.0,0.75,0.8571428571428571,0.8571428571428571,0.8571428571428571
treerag_dfs,auto_055,42,0.11363636363636363,0.35714285714285715,0.17241379310344826,0.13636363636363635,0.42857142857142855,0.20689655172413793,0.17241379310344826,0.20689655172413793
treerag_dfs,auto_149,44,0.20454545454545456,1.0,0.339622641509434,0.20454545454545456,1.0,0.339622641509434,0.339622641509434,0.339622641509434
treerag_dfs,auto_090,33,0.38235294117647056,0.6190476190476191,0.4727272727272727,0.47058823529411764,0.7619047619047619,0.5818181818181817,0.4727272727272727,0.5818181818181817
treerag_dfs,auto_127,10,0.9,0.9,0.9,0.9,0.9,0.9,0.9,0.9
treerag_dfs,auto_136,124,0.16,0.6451612903225806,0.2564102564102564,0.208,0.8387096774193549,0.3333333333333333,0.2564102564102564,0.3333333333333333
treerag_dfs,auto_125,90,0.1956521739130435,1.0,0.32727272727272727,0.1956521739130435,1.0,0.32727272727272727,0.32727272727272727,0.32727272727272727
treerag_dfs,auto_145,90,0.1956521739130435,0.6923076923076923,0.3050847457627119,0.22826086956521738,0.8076923076923077,0.3559322033898305,0.3050847457627119,0.3559322033898305
treerag_dfs,auto_034,33,0.09375,0.0967741935483871,0.09523809523809523,0.09375,0.0967741935483871,0.09523809523809523,0.09523809523809523,0.09523809523809523
treerag_dfs,auto_129,11,0.5454545454545454,0.8571428571428571,0.6666666666666665,0.5454545454545454,0.8571428571428571,0.6666666666666665,0.6666666666666665,0.6666666666666665
treerag_dfs,auto_143,81,0.12941176470588237,0.4074074074074074,0.19642857142857145,0.23529411764705882,0.7407407407407407,0.3571428571428571,0.19642857142857145,0.3571428571428571
treerag_dfs,auto_083,59,0.2542372881355932,0.3191489361702128,0.28301886792452835,0.4406779661016949,0.5531914893617021,0.49056603773584906,0.28301886792452835,0.49056603773584906
treerag_dfs,auto_179,39,0.2564102564102564,0.5555555555555556,0.3508771929824561,0.3076923076923077,0.6666666666666666,0.42105263157894735,0.3508771929824561,0.42105263157894735
treerag_dfs,auto_064,33,0.11764705882352941,0.6666666666666666,0.2,0.14705882352941177,0.8333333333333334,0.25,0.2,0.25
treerag_dfs,auto_084,102,0.2079207920792079,0.44680851063829785,0.28378378378378377,0.26732673267326734,0.574468085106383,0.36486486486486486,0.28378378378378377,0.36486486486486486
treerag_dfs,auto_101,50,0.42,0.8076923076923077,0.5526315789473685,0.44,0.8461538461538461,0.5789473684210525,0.5526315789473685,0.5789473684210525
treerag_dfs,auto_105,15,0.7333333333333333,1.0,0.846153846153846,0.7333333333333333,1.0,0.846153846153846,0.846153846153846,0.846153846153846
treerag_dfs,auto_159,74,0.13513513513513514,0.38461538461538464,0.2,0.25675675675675674,0.7307692307692307,0.38,0.2,0.38
treerag_dfs,auto_073,14,0.4,1.0,0.5714285714285715,0.4,1.0,0.5714285714285715,0.5714285714285715,0.5714285714285715
treerag_beam,auto_048,87,0.14444444444444443,0.3023255813953488,0.19548872180451127,0.2,0.4186046511627907,0.27067669172932335,0.19548872180451127,0.27067669172932335
treerag_beam,auto_079,17,0.7777777777777778,0.8235294117647058,0.7999999999999999,0.7777777777777778,0.8235294117647058,0.7999999999999999,0.7999999999999999,0.7999999999999999
treerag_beam,auto_006,77,0.16049382716049382,0.07692307692307693,0.104,0.2716049382716049,0.1301775147928994,0.176,0.104,0.176
treerag_beam,auto_014,34,0.04878048780487805,0.125,0.07017543859649124,0.04878048780487805,0.125,0.07017543859649124,0.07017543859649124,0.07017543859649124
treerag_beam,auto_038,33,0.125,0.07142857142857142,0.09090909090909091,0.1875,0.10714285714285714,0.13636363636363635,0.09090909090909091,0.13636363636363635
treerag_beam,auto_160,211,0.0947867298578199,0.7692307692307693,0.16877637130801687,0.11374407582938388,0.9230769230769231,0.20253164556962025,0.16877637130801687,0.20253164556962025
treerag_beam,auto_191,24,0.375,0.9,0.5294117647058825,0.375,0.9,0.5294117647058825,0.5294117647058825,0.5294117647058825
treerag_beam,auto_131,23,0.21739130434782608,1.0,0.3571428571428571,0.21739130434782608,1.0,0.3571428571428571,0.3571428571428571,0.3571428571428571
treerag_beam,auto_070,88,0.1875,0.46153846153846156,0.26666666666666666,0.2604166666666667,0.6410256410256411,0.3703703703703704,0.26666666666666666,0.3703703703703704
treerag_beam,auto_165,11,1.0,1.0,1.0,1.0,1.0,1.0,1.0,1.0
treerag_beam,auto_111,73,0.1780821917808219,0.5,0.2626262626262626,0.3013698630136986,0.8461538461538461,0.4444444444444444,0.2626262626262626,0.4444444444444444
treerag_beam,auto_086,20,0.19047619047619047,0.4444444444444444,0.26666666666666666,0.2857142857142857,0.6666666666666666,0.4,0.26666666666666666,0.4
treerag_beam,auto_053,21,0.5714285714285714,0.9230769230769231,0.7058823529411765,0.5714285714285714,0.9230769230769231,0.7058823529411765,0.7058823529411765,0.7058823529411765
treerag_beam,auto_198,96,0.8736842105263158,0.83,0.8512820512820513,0.8736842105263158,0.83,0.8512820512820513,0.8512820512820513,0.8512820512820513
treerag_beam,auto_046,68,0.09722222222222222,0.16279069767441862,0.12173913043478263,0.1111111111111111,0.18604651162790697,0.13913043478260867,0.12173913043478263,0.13913043478260867
treerag_beam,auto_107,19,0.3157894736842105,0.6,0.41379310344827586,0.3157894736842105,0.6,0.41379310344827586,0.41379310344827586,0.41379310344827586
treerag_beam,auto_194,93,0.24731182795698925,1.0,0.39655172413793105,0.24731182795698925,1.0,0.39655172413793105,0.39655172413793105,0.39655172413793105
treerag_beam,auto_031,32,0.38235294117647056,0.5416666666666666,0.44827586206896547,0.47058823529411764,0.6666666666666666,0.5517241379310345,0.44827586206896547,0.5517241379310345
treerag_beam,auto_166,25,0.36,0.6,0.45,0.44,0.7333333333333333,0.5499999999999999,0.45,0.5499999999999999
treerag_beam,auto_003,129,0.08208955223880597,0.2037037037037037,0.1170212765957447,0.1044776119402985,0.25925925925925924,0.14893617021276595,0.1170212765957447,0.14893617021276595
treerag_beam,auto_126,85,0.15476190476190477,0.7222222222222222,0.2549019607843137,0.19047619047619047,0.8888888888888888,0.3137254901960784,0.2549019607843137,0.3137254901960784
treerag_beam,auto_197,99,0.12121212121212122,0.46153846153846156,0.192,0.13131313131313133,0.5,0.20800000000000005,0.192,0.20800000000000005
treerag_beam,auto_148,10,0.7,1.0,0.8235294117647058,0.7,1.0,0.8235294117647058,0.8235294117647058,0.8235294117647058
treerag_beam,auto_081,61,0.16393442622950818,0.4,0.23255813953488375,0.2786885245901639,0.68,0.3953488372093023,0.23255813953488375,0.3953488372093023
treerag_beam,auto_037,79,0.21951219512195122,0.42857142857142855,0.29032258064516125,0.2804878048780488,0.5476190476190477,0.37096774193548393,0.29032258064516125,0.37096774193548393
treerag_beam,auto_139,8,1.0,1.0,1.0,1.0,1.0,1.0,1.0,1.0
treerag_beam,auto_163,51,0.19607843137254902,0.5555555555555556,0.2898550724637681,0.27450980392156865,0.7777777777777778,0.4057971014492754,0.2898550724637681,0.4057971014492754
treerag_beam,auto_077,60,0.1774193548387097,0.5789473684210527,0.2716049382716049,0.22580645161290322,0.7368421052631579,0.345679012345679,0.2716049382716049,0.345679012345679
treerag_beam,auto_004,94,0.10784313725490197,0.275,0.15492957746478872,0.22549019607843138,0.575,0.323943661971831,0.15492957746478872,0.323943661971831
treerag_beam,auto_039,59,0.3225806451612903,0.8333333333333334,0.4651162790697674,0.3387096774193548,0.875,0.4883720930232558,0.4651162790697674,0.4883720930232558
treerag_beam,auto_016,26,0.11538461538461539,0.12,0.11764705882352941,0.11538461538461539,0.12,0.11764705882352941,0.11764705882352941,0.11764705882352941
treerag_beam,auto_200,120,0.024793388429752067,0.0375,0.029850746268656716,0.05785123966942149,0.0875,0.06965174129353234,0.029850746268656716,0.06965174129353234
treerag_beam,auto_062,11,0.5833333333333334,0.5833333333333334,0.5833333333333334,0.75,0.75,0.75,0.5833333333333334,0.75
treerag_beam,auto_085,9,0.6666666666666666,0.6666666666666666,0.6666666666666666,0.6666666666666666,0.6666666666666666,0.6666666666666666,0.6666666666666666,0.6666666666666666
treerag_beam,auto_112,72,0.2602739726027397,0.5757575757575758,0.3584905660377358,0.3287671232876712,0.7272727272727273,0.45283018867924524,0.3584905660377358,0.45283018867924524
treerag_beam,auto_162,12,0.5,0.6666666666666666,0.5714285714285715,0.5,0.6666666666666666,0.5714285714285715,0.5714285714285715,0.5714285714285715
treerag_beam,auto_010,185,0.20304568527918782,0.33613445378151263,0.2531645569620253,0.3096446700507614,0.5126050420168067,0.38607594936708856,0.2531645569620253,0.38607594936708856
treerag_beam,auto_013,38,0.1794871794871795,0.5833333333333334,0.2745098039215686,0.20512820512820512,0.6666666666666666,0.31372549019607837,0.2745098039215686,0.31372549019607837
treerag_beam,auto_043,102,0.09401709401709402,0.5238095238095238,0.15942028985507248,0.09401709401709402,0.5238095238095238,0.15942028985507248,0.15942028985507248,0.15942028985507248
treerag_beam,auto_204,54,0.21666666666666667,0.08387096774193549,0.12093023255813955,0.21666666666666667,0.08387096774193549,0.12093023255813955,0.12093023255813955,0.12093023255813955
treerag_beam,auto_153,67,0.2835820895522388,0.6129032258064516,0.38775510204081626,0.43283582089552236,0.9354838709677419,0.5918367346938774,0.38775510204081626,0.5918367346938774
treerag_beam,auto_074,9,0.8888888888888888,0.7272727272727273,0.7999999999999999,0.8888888888888888,0.7272727272727273,0.7999999999999999,0.7999999999999999,0.7999999999999999
treerag_beam,auto_045,55,0.1016949152542373,0.42857142857142855,0.16438356164383564,0.1694915254237288,0.7142857142857143,0.273972602739726,0.16438356164383564,0.273972602739726
treerag_beam,auto_120,31,0.2903225806451613,0.8181818181818182,0.4285714285714286,0.3225806451612903,0.9090909090909091,0.4761904761904761,0.4285714285714286,0.4761904761904761
treerag_beam,auto_065,48,0.3333333333333333,1.0,0.5,0.3333333333333333,1.0,0.5,0.5,0.5
treerag_beam,auto_017,34,0.025,0.045454545454545456,0.03225806451612903,0.025,0.045454545454545456,0.03225806451612903,0.03225806451612903,0.03225806451612903
treerag_beam,auto_001,42,0.15555555555555556,0.07777777777777778,0.1037037037037037,0.26666666666666666,0.13333333333333333,0.17777777777777776,0.1037037037037037,0.17777777777777776
treerag_beam,auto_169,57,0.05172413793103448,0.375,0.09090909090909091,0.08620689655172414,0.625,0.15151515151515152,0.09090909090909091,0.15151515151515152
treerag_beam,auto_011,78,0.03896103896103896,0.2,0.06521739130434782,0.05194805194805195,0.26666666666666666,0.08695652173913043,0.06521739130434782,0.08695652173913043
treerag_beam,auto_173,9,0.3333333333333333,0.3333333333333333,0.3333333333333333,0.7777777777777778,0.7777777777777778,0.7777777777777778,0.3333333333333333,0.7777777777777778
treerag_beam,auto_132,12,0.46153846153846156,0.35294117647058826,0.4000000000000001,0.46153846153846156,0.35294117647058826,0.4000000000000001,0.4000000000000001,0.4000000000000001
treerag_beam,auto_061,46,0.22916666666666666,1.0,0.37288135593220334,0.22916666666666666,1.0,0.37288135593220334,0.37288135593220334,0.37288135593220334
treerag_beam,auto_022,33,0.0,0.0,0.0,0.0,0.0,0.0,0.0,0.0
treerag_beam,auto_114,104,0.19230769230769232,0.4166666666666667,0.2631578947368421,0.25,0.5416666666666666,0.34210526315789475,0.2631578947368421,0.34210526315789475
treerag_beam,auto_156,117,0.18487394957983194,0.6666666666666666,0.2894736842105263,0.25210084033613445,0.9090909090909091,0.3947368421052631,0.2894736842105263,0.3947368421052631
treerag_beam,auto_078,61,0.21311475409836064,0.6842105263157895,0.325,0.3114754098360656,1.0,0.475,0.325,0.475
treerag_beam,auto_067,49,0.3,0.42857142857142855,0.3529411764705882,0.48,0.6857142857142857,0.5647058823529412,0.3529411764705882,0.5647058823529412
treerag_beam,auto_103,93,0.1702127659574468,0.41025641025641024,0.24060150375939848,0.2872340425531915,0.6923076923076923,0.406015037593985,0.24060150375939848,0.406015037593985
treerag_beam,auto_175,3,1.0,0.42857142857142855,0.6,1.0,0.42857142857142855,0.6,0.6,0.6
treerag_beam,auto_199,65,0.8153846153846154,0.726027397260274,0.7681159420289856,0.8153846153846154,0.726027397260274,0.7681159420289856,0.7681159420289856,0.7681159420289856
treerag_beam,auto_110,132,0.13138686131386862,0.6206896551724138,0.2168674698795181,0.19708029197080293,0.9310344827586207,0.3253012048192771,0.2168674698795181,0.3253012048192771
treerag_beam,auto_080,69,0.14084507042253522,0.5882352941176471,0.22727272727272727,0.15492957746478872,0.6470588235294118,0.24999999999999997,0.22727272727272727,0.24999999999999997
treerag_beam,auto_128,11,0.5,0.6,0.5454545454545454,0.75,0.9,0.8181818181818182,0.5454545454545454,0.8181818181818182
treerag_beam,auto_171,66,0.17142857142857143,0.7058823529411765,0.2758620689655173,0.21428571428571427,0.8823529411764706,0.3448275862068966,0.2758620689655173,0.3448275862068966
treerag_beam,auto_033,33,0.03125,0.037037037037037035,0.03389830508474576,0.0625,0.07407407407407407,0.06779661016949153,0.03389830508474576,0.06779661016949153
treerag_beam,auto_123,38,0.1794871794871795,0.7777777777777778,0.29166666666666663,0.20512820512820512,0.8888888888888888,0.3333333333333333,0.29166666666666663,0.3333333333333333
treerag_beam,auto_122,49,0.30612244897959184,0.7142857142857143,0.42857142857142855,0.3673469387755102,0.8571428571428571,0.5142857142857143,0.42857142857142855,0.5142857142857143
treerag_beam,auto_146,76,0.14285714285714285,0.4583333333333333,0.2178217821782178,0.19480519480519481,0.625,0.29702970297029707,0.2178217821782178,0.29702970297029707
treerag_beam,auto_102,97,0.2222222222222222,0.7586206896551724,0.34375,0.24242424242424243,0.8275862068965517,0.37499999999999994,0.34375,0.37499999999999994
treerag_beam,auto_147,13,0.5384615384615384,0.7,0.608695652173913,0.5384615384615384,0.7,0.608695652173913,0.608695652173913,0.608695652173913
treerag_beam,auto_124,9,1.0,1.0,1.0,1.0,1.0,1.0,1.0,1.0
treerag_beam,auto_020,59,0.06349206349206349,0.15384615384615385,0.0898876404494382,0.07936507936507936,0.19230769230769232,0.11235955056179774,0.0898876404494382,0.11235955056179774
treerag_beam,auto_015,44,0.0,0.0,0.0,0.0,0.0,0.0,0.0,0.0
treerag_beam,auto_181,76,0.2236842105263158,0.5862068965517241,0.32380952380952377,0.3026315789473684,0.7931034482758621,0.4380952380952381,0.32380952380952377,0.4380952380952381
treerag_beam,auto_180,51,0.21153846153846154,0.4782608695652174,0.29333333333333333,0.3076923076923077,0.6956521739130435,0.42666666666666664,0.29333333333333333,0.42666666666666664
treerag_beam,auto_133,69,0.22857142857142856,0.9411764705882353,0.36781609195402293,0.24285714285714285,1.0,0.3908045977011494,0.36781609195402293,0.3908045977011494
treerag_beam,auto_066,52,0.3269230769230769,0.6296296296296297,0.430379746835443,0.4807692307692308,0.9259259259259259,0.6329113924050633,0.430379746835443,0.6329113924050633
treerag_beam,auto_154,76,0.21052631578947367,0.7272727272727273,0.32653061224489793,0.27631578947368424,0.9545454545454546,0.4285714285714286,0.32653061224489793,0.4285714285714286
treerag_beam,auto_116,27,0.3333333333333333,0.5625,0.4186046511627907,0.37037037037037035,0.625,0.4651162790697674,0.4186046511627907,0.4651162790697674
treerag_beam,auto_047,46,0.22916666666666666,0.4230769230769231,0.29729729729729726,0.3125,0.5769230769230769,0.4054054054054054,0.29729729729729726,0.4054054054054054
treerag_beam,auto_113,84,0.19767441860465115,0.68,0.3063063063063063,0.23255813953488372,0.8,0.36036036036036034,0.3063063063063063,0.36036036036036034
treerag_beam,auto_096,21,0.5238095238095238,0.9166666666666666,0.6666666666666667,0.5238095238095238,0.9166666666666666,0.6666666666666667,0.6666666666666667,0.6666666666666667
treerag_beam,auto_055,30,0.40625,0.9285714285714286,0.5652173913043478,0.40625,0.9285714285714286,0.5652173913043478,0.5652173913043478,0.5652173913043478
treerag_beam,auto_149,10,0.9,1.0,0.9473684210526316,0.9,1.0,0.9473684210526316,0.9473684210526316,0.9473684210526316
treerag_beam,auto_090,62,0.27692307692307694,0.8571428571428571,0.41860465116279066,0.2923076923076923,0.9047619047619048,0.4418604651162791,0.41860465116279066,0.4418604651162791
treerag_beam,auto_127,31,0.2903225806451613,0.9,0.4390243902439024,0.2903225806451613,0.9,0.4390243902439024,0.4390243902439024,0.4390243902439024
treerag_beam,auto_136,81,0.23170731707317074,0.6129032258064516,0.336283185840708,0.3170731707317073,0.8387096774193549,0.46017699115044247,0.336283185840708,0.46017699115044247
treerag_beam,auto_125,36,0.3055555555555556,0.6111111111111112,0.40740740740740744,0.3333333333333333,0.6666666666666666,0.4444444444444444,0.40740740740740744,0.4444444444444444
treerag_beam,auto_145,84,0.18823529411764706,0.6153846153846154,0.2882882882882883,0.23529411764705882,0.7692307692307693,0.36036036036036034,0.2882882882882883,0.36036036036036034
treerag_beam,auto_034,55,0.39285714285714285,0.7096774193548387,0.5057471264367817,0.4107142857142857,0.7419354838709677,0.528735632183908,0.5057471264367817,0.528735632183908
treerag_beam,auto_129,11,0.5454545454545454,0.8571428571428571,0.6666666666666665,0.5454545454545454,0.8571428571428571,0.6666666666666665,0.6666666666666665,0.6666666666666665
treerag_beam,auto_143,90,0.17391304347826086,0.5925925925925926,0.2689075630252101,0.21739130434782608,0.7407407407407407,0.33613445378151263,0.2689075630252101,0.33613445378151263
treerag_beam,auto_083,40,0.45,0.3829787234042553,0.4137931034482758,0.6,0.5106382978723404,0.5517241379310344,0.4137931034482758,0.5517241379310344
treerag_beam,auto_179,27,0.5185185185185185,0.7777777777777778,0.6222222222222222,0.5185185185185185,0.7777777777777778,0.6222222222222222,0.6222222222222222,0.6222222222222222
treerag_beam,auto_064,57,0.08928571428571429,0.8333333333333334,0.16129032258064516,0.08928571428571429,0.8333333333333334,0.16129032258064516,0.16129032258064516,0.16129032258064516
treerag_beam,auto_084,95,0.31313131313131315,0.6595744680851063,0.4246575342465753,0.40404040404040403,0.851063829787234,0.547945205479452,0.4246575342465753,0.547945205479452
treerag_beam,auto_101,50,0.46,0.8846153846153846,0.605263157894737,0.48,0.9230769230769231,0.631578947368421,0.605263157894737,0.631578947368421
treerag_beam,auto_105,11,1.0,1.0,1.0,1.0,1.0,1.0,1.0,1.0
treerag_beam,auto_159,31,0.3548387096774194,0.4230769230769231,0.3859649122807018,0.5806451612903226,0.6923076923076923,0.631578947368421,0.3859649122807018,0.631578947368421
treerag_beam,auto_073,33,0.17647058823529413,1.0,0.3,0.17647058823529413,1.0,0.3,0.3,0.3
